,<=20,20,21,22,23,24,25,26,27,28,29,30,31,32,33,34,35,36,37,38,39,40,41,42,43,44,45,46,47,48,49,50,51,52,53,54,55,56,57,58,59,60,61,62,63,64,65,66,67,68,69,70+
<=20,0.29519,0.14425,0.10491500000000001,0.082505,0.07577,0.06651499999999999,0.044675,0.04332,0.04521,0.039805,0.03256,0.0221,0.025235,0.025255,0.027185,0.03265,0.020755,0.025855,0.035055,0.03198,0.023254999999999998,0.036895,0.035295,0.040985,0.0465,0.0494,0.06262,0.045405,0.03957,0.030285,0.037254999999999996,0.042685,0.04241,0.039709999999999995,0.042405,0.030495,0.028265,0.01826,0.01818,0.023515,0.019229999999999997,0.01544,0.008645,0.013475,0.027035,0.015155,0.01174,0.02155,0.021355,0.029269999999999997,0.02826,0.0
20,0.04857,0.09354,0.086395,0.06672,0.06431500000000001,0.02726,0.01513,0.01369,0.01875,0.024835000000000003,0.01423,0.013875,0.008465,0.009264999999999999,0.00938,0.012025000000000001,0.013925,0.01011,0.009585,0.01225,0.0076100000000000004,0.0075049999999999995,0.01543,0.012485,0.009309999999999999,0.014010000000000002,0.00941,0.01033,0.01398,0.008369999999999999,0.018035,0.01135,0.014794999999999999,0.01746,0.01847,0.008645,0.009675,0.011825,0.007904999999999999,0.00985,0.00266,0.013774999999999999,0.00736,0.007105,0.00899,0.01192,0.00387,0.01304,0.0057599999999999995,0.00373,0.01293,0.0
21,0.02806,0.067575,0.09731999999999999,0.062145000000000006,0.053805,0.03338,0.024425000000000002,0.024755,0.024145,0.0312,0.02301,0.018095,0.022985,0.027475,0.0268,0.013760000000000001,0.0143,0.02245,0.01588,0.022925,0.01179,0.01659,0.017599999999999998,0.016825,0.014845,0.02438,0.009909999999999999,0.011795,0.018340000000000002,0.01793,0.014685,0.019229999999999997,0.01337,0.005795,0.015345000000000001,0.01559,0.00937,0.010105,0.01109,0.012379999999999999,0.010605,0.009985,0.01037,0.007379999999999999,0.010755,0.005355,0.008015000000000001,0.00928,0.01389,0.013430000000000001,0.013135,0.0
22,0.02441,0.04803,0.05827,0.05679,0.038385,0.0364,0.02689,0.03043,0.021145,0.01611,0.0161,0.013255,0.015435,0.01477,0.01465,0.009405,0.008879999999999999,0.013829999999999999,0.006189999999999999,0.009285,0.017085000000000003,0.01141,0.00643,0.00659,0.0052899999999999996,0.014255,0.0132,0.013105,0.019355,0.013430000000000001,0.013765,0.01207,0.007265000000000001,0.014159999999999999,0.009575,0.016640000000000002,0.007655,0.01094,0.014499999999999999,0.012885,0.0051400000000000005,0.01233,0.010395,0.0019,0.00443,0.01903,0.007605,0.00469,0.00938,0.009305,0.012105000000000001,0.0
23,0.022010000000000002,0.04321,0.055584999999999996,0.06664500000000001,0.06268499999999999,0.053715,0.048909999999999995,0.036345,0.02981,0.03868,0.042124999999999996,0.038285,0.032125,0.019685,0.01952,0.016085000000000002,0.014790000000000001,0.01882,0.02049,0.009485,0.011345,0.01227,0.010445,0.009375,0.017939999999999998,0.012975,0.018575,0.016640000000000002,0.03092,0.01531,0.00841,0.02059,0.01207,0.01426,0.00938,0.014634999999999999,0.012315,0.008985,0.009465,0.007265000000000001,0.008305,0.03213,0.016295,0.021545,0.00889,0.01023,0.02008,0.01887,0.021505,0.0107,0.01956,0.0
24,0.029265,0.051684999999999995,0.046395,0.06891,0.076635,0.050225,0.06012,0.067945,0.053745,0.04335,0.024855,0.035845,0.03616,0.034055,0.03818,0.0256,0.03816,0.018189999999999998,0.019125,0.016745,0.017230000000000002,0.01501,0.011375,0.014249999999999999,0.022824999999999998,0.02898,0.020380000000000002,0.016640000000000002,0.023625,0.02164,0.021019999999999997,0.02654,0.019785,0.018875,0.012725,0.015595,0.02916,0.020845000000000002,0.022594999999999997,0.017995,0.011484999999999999,0.01295,0.00605,0.010960000000000001,0.00916,0.026215,0.02679,0.012635,0.007435,0.010475,0.01659,0.0
25,0.0213,0.024,0.037425,0.030095,0.04075,0.0644,0.042845,0.03977,0.03723,0.03558,0.035214999999999996,0.024215,0.047265,0.02,0.012369999999999999,0.0184,0.01457,0.027075000000000002,0.028985,0.03137,0.01651,0.02066,0.015185,0.02832,0.01889,0.02377,0.024925,0.036250000000000004,0.01796,0.022175,0.013165,0.01515,0.034140000000000004,0.027595,0.030074999999999998,0.01381,0.03753,0.01864,0.020365,0.025255,0.035365,0.020405,0.0060999999999999995,0.01153,0.027365,0.01909,0.02075,0.025965,0.006945,0.00889,0.019455,0.0
26,0.016044999999999997,0.02574,0.03349,0.04829,0.034769999999999995,0.0572,0.072895,0.07045,0.05551,0.042859999999999995,0.055224999999999996,0.0295,0.02078,0.062025,0.03579,0.0312,0.05652,0.043340000000000004,0.02359,0.022379999999999997,0.06176,0.051995,0.024024999999999998,0.031439999999999996,0.044585,0.024575,0.045494999999999994,0.03277,0.01717,0.01384,0.034485,0.02611,0.017410000000000002,0.023629999999999998,0.025325,0.02064,0.01557,0.03502,0.03157,0.042609999999999995,0.01897,0.01797,0.00817,0.0243,0.015115,0.01061,0.016259999999999997,0.00482,0.01316,0.00935,0.022555,0.0
27,0.016210000000000002,0.018564999999999998,0.020415,0.02187,0.02657,0.0359,0.03499,0.05259,0.042359999999999995,0.04317,0.038325,0.03447,0.025515000000000003,0.028595,0.02413,0.026015000000000003,0.019785,0.02796,0.020395,0.01492,0.017750000000000002,0.023575,0.01319,0.018435,0.02079,0.020745,0.016300000000000002,0.013665,0.01637,0.01519,0.016805,0.01676,0.034265,0.01001,0.01656,0.010235,0.01286,0.013475,0.020409999999999998,0.018654999999999998,0.022949999999999998,0.025265,0.00817,0.016685,0.015015,0.016415,0.015935,0.023254999999999998,0.0292,0.021179999999999997,0.018515,0.0
28,0.01546,0.01951,0.030824999999999998,0.026755,0.026625,0.028925,0.03813,0.038915000000000005,0.03905,0.06124,0.04743,0.02988,0.037215,0.042695,0.02812,0.037485000000000004,0.031985,0.03057,0.02463,0.020560000000000002,0.0252,0.03359,0.01543,0.014669999999999999,0.018209999999999997,0.01765,0.039404999999999996,0.029804999999999998,0.0286,0.036610000000000004,0.023579999999999997,0.010295,0.010355,0.033535,0.01996,0.021920000000000002,0.024454999999999998,0.02503,0.026180000000000002,0.020805,0.02353,0.017585,0.010615,0.01373,0.015185,0.012504999999999999,0.011675,0.00939,0.011734999999999999,0.009345,0.018135,0.0
29,0.01474,0.01716,0.020255000000000002,0.01316,0.02429,0.02231,0.04179,0.044259999999999994,0.05006,0.034855,0.037309999999999996,0.04284,0.036785,0.03554,0.041775,0.026090000000000002,0.020900000000000002,0.035595,0.03929,0.01826,0.024475,0.031145,0.024640000000000002,0.018709999999999997,0.01812,0.021085,0.019755,0.025735,0.015710000000000002,0.016190000000000003,0.015595000000000001,0.00995,0.01718,0.02232,0.01117,0.027165,0.017279999999999997,0.020535,0.02352,0.02061,0.013955,0.02282,0.019944999999999997,0.030185,0.0091,0.0156,0.04612,0.00971,0.025805,0.025535000000000002,0.020675,0.0
30,0.017105000000000002,0.022815000000000002,0.02408,0.015735,0.022105,0.022449999999999998,0.035500000000000004,0.036250000000000004,0.02068,0.03916,0.034255,0.05131,0.04734,0.03709,0.025134999999999998,0.023355,0.03115,0.02716,0.016059999999999998,0.025215,0.023620000000000002,0.022685,0.013955,0.021085,0.019770000000000003,0.031765,0.01276,0.03629,0.026355,0.01697,0.01481,0.01388,0.01138,0.01287,0.024395,0.039525,0.01724,0.03584,0.035265000000000005,0.016974999999999997,0.01108,0.022515,0.00737,0.022449999999999998,0.03941,0.02046,0.028695,0.00881,0.01434,0.03213,0.018265,0.0
31,0.012695,0.00927,0.01383,0.01345,0.023285,0.02074,0.02309,0.014695,0.028135,0.030350000000000002,0.01846,0.026305000000000002,0.038755,0.0319,0.035375000000000004,0.03013,0.02905,0.045020000000000004,0.035754999999999995,0.02598,0.01071,0.02479,0.02557,0.02572,0.019209999999999998,0.028435000000000002,0.018285,0.022765,0.021714999999999998,0.014775,0.016509999999999997,0.019565,0.02803,0.01534,0.027575000000000002,0.027735000000000003,0.012095,0.026924999999999998,0.022955,0.02527,0.02129,0.013465000000000001,0.019025,0.00591,0.013315,0.012705000000000001,0.017355,0.00464,0.020075000000000003,0.00995,0.02085,0.0
32,0.014905000000000002,0.02768,0.02126,0.026805000000000002,0.030315,0.04832,0.02683,0.030655,0.038400000000000004,0.02883,0.034665,0.041800000000000004,0.03825,0.04155,0.02529,0.03335,0.032115000000000005,0.05387,0.02391,0.03397,0.028665,0.02175,0.017495,0.01945,0.030925,0.02769,0.014045,0.02075,0.02044,0.02308,0.012230000000000001,0.022245,0.03708,0.01465,0.022845,0.035695000000000005,0.024524999999999998,0.023350000000000003,0.02975,0.01119,0.02971,0.04192,0.01964,0.02783,0.025939999999999998,0.03618,0.07737,0.031345,0.01049,0.00952,0.026695,0.0
33,0.011789999999999998,0.02311,0.014135,0.01791,0.037129999999999996,0.01658,0.01654,0.033,0.0422,0.025204999999999998,0.049265,0.048494999999999996,0.020725,0.03615,0.029115000000000002,0.029105,0.042484999999999995,0.016329999999999997,0.037885,0.04764,0.050820000000000004,0.01934,0.019745,0.01488,0.01713,0.015825,0.029975,0.018185,0.026545,0.010284999999999999,0.012395,0.014679999999999999,0.026235,0.009615,0.009025,0.013385000000000001,0.0149,0.02231,0.012244999999999999,0.019985000000000003,0.014345,0.010620000000000001,0.01627,0.01126,0.011805,0.00711,0.00775,0.00922,0.016465,0.01802,0.012695000000000001,0.0
34,0.010124999999999999,0.009135,0.012605000000000002,0.018915,0.015245,0.00988,0.01942,0.016165,0.02005,0.01947,0.020819999999999998,0.023005,0.021385,0.017455,0.018575,0.02977,0.018860000000000002,0.015560000000000001,0.028575,0.01986,0.02352,0.01609,0.023960000000000002,0.030965,0.017005,0.011685000000000001,0.016345,0.01182,0.01559,0.014435,0.024184999999999998,0.015405,0.020499999999999997,0.008705000000000001,0.01276,0.012025000000000001,0.007515,0.01211,0.01364,0.013755,0.006529999999999999,0.02912,0.01026,0.0078049999999999994,0.00911,0.026445,0.01165,0.023205,0.01282,0.009475,0.012295,0.0
35,0.011085,0.00889,0.010985,0.011195,0.014425,0.016215,0.00987,0.013389999999999999,0.017974999999999998,0.016954999999999998,0.017935,0.02367,0.00933,0.02194,0.02076,0.030754999999999998,0.01965,0.026695,0.023325,0.033125,0.0194,0.01895,0.02541,0.022925,0.019845,0.019360000000000002,0.012225,0.02209,0.020265,0.01225,0.02033,0.01654,0.01685,0.017255,0.01771,0.018529999999999998,0.01179,0.013005,0.008154999999999999,0.019475,0.01634,0.01772,0.01366,0.018654999999999998,0.017660000000000002,0.010555,0.03766,0.00903,0.00733,0.00957,0.013555,0.0
36,0.017895,0.02845,0.02705,0.026225,0.015394999999999999,0.01532,0.0258,0.0253,0.029859999999999998,0.02199,0.0204,0.017455,0.03067,0.024294999999999997,0.04325,0.042105000000000004,0.04118,0.045495,0.02537,0.05577,0.042414999999999994,0.02282,0.028525000000000002,0.023575,0.01718,0.030005,0.01769,0.02519,0.02011,0.02452,0.01417,0.008085,0.022495,0.019915000000000002,0.01421,0.016255,0.01246,0.016864999999999998,0.027139999999999997,0.009705,0.017035,0.01572,0.022504999999999997,0.015025,0.01837,0.005105,0.00404,0.017095,0.01455,0.018785,0.021124999999999998,0.0
37,0.00958,0.015355,0.0075,0.009389999999999999,0.010615,0.022914999999999998,0.01645,0.01272,0.016989999999999998,0.0143,0.016995,0.0219,0.021949999999999997,0.03504,0.027895000000000003,0.021165000000000003,0.01688,0.016115,0.02455,0.01432,0.01753,0.022275,0.03467,0.01865,0.01464,0.018785,0.02655,0.009035,0.015179999999999999,0.020365,0.013745,0.0045850000000000005,0.023885,0.02074,0.011245,0.0125,0.01054,0.021679999999999998,0.01638,0.010020000000000001,0.011945,0.011205,0.01184,0.015225,0.00933,0.01683,0.00881,0.00937,0.01299,0.0,0.01199,0.0
38,0.01498,0.0194,0.012035,0.022345,0.017925,0.01703,0.016849999999999997,0.012199999999999999,0.01822,0.02965,0.02102,0.02197,0.02857,0.036185,0.02429,0.035585000000000006,0.038005,0.029535,0.034280000000000005,0.023345,0.025955,0.031315,0.0253,0.03894,0.03125,0.018705,0.01949,0.036574999999999996,0.040345,0.021714999999999998,0.02431,0.030285,0.020345000000000002,0.022995,0.00527,0.023315,0.02298,0.01037,0.017685,0.01928,0.053915,0.01339,0.01052,0.012,0.04727,0.0291,0.02708,0.00885,0.022914999999999998,0.00968,0.02234,0.0
39,0.011355,0.013285,0.00595,0.010255,0.00839,0.01093,0.01971,0.019639999999999998,0.01132,0.01913,0.01152,0.015105,0.016065,0.01133,0.036835,0.01996,0.013645000000000001,0.014870000000000001,0.02666,0.02513,0.037059999999999996,0.03427,0.034095,0.01929,0.016805,0.024705,0.016635,0.01662,0.01441,0.026945,0.01591,0.013285,0.012365,0.010589999999999999,0.013765,0.01635,0.02317,0.011725,0.02119,0.008150000000000001,0.00689,0.01431,0.00593,0.017140000000000002,0.009155,0.00788,0.007185,0.00483,0.007935,0.033710000000000004,0.0154,0.0
40,0.013485,0.013864999999999999,0.012074999999999999,0.011099999999999999,0.006155,0.010555,0.00916,0.009495,0.00511,0.023155000000000002,0.01789,0.022445,0.014345,0.012920000000000001,0.018005,0.0189,0.015715,0.024855000000000002,0.02005,0.021115000000000002,0.03331,0.03339,0.03191,0.018529999999999998,0.02291,0.01526,0.030335,0.03485,0.015805,0.01065,0.015205,0.010015,0.016300000000000002,0.01516,0.01617,0.01998,0.02318,0.016989999999999998,0.01213,0.017204999999999998,0.013255,0.016645,0.034199999999999994,0.03558,0.017759999999999998,0.00767,0.04289,0.004855,0.01342,0.03738,0.02434,0.0
41,0.016575,0.0063999999999999994,0.006869999999999999,0.0154,0.012400000000000001,0.01509,0.023825,0.010280000000000001,0.006935,0.01171,0.015245,0.0224,0.03186,0.016895,0.0327,0.011470000000000001,0.032240000000000005,0.016640000000000002,0.020585,0.013765,0.024419999999999997,0.038005,0.040635000000000004,0.02649,0.025105000000000002,0.018965,0.012305,0.010575000000000001,0.01926,0.022975000000000002,0.01262,0.012665,0.012445000000000001,0.020855,0.015345000000000001,0.011275,0.01277,0.011824999999999999,0.027209999999999998,0.01037,0.009649999999999999,0.02894,0.01183,0.013094999999999999,0.0068249999999999995,0.0049700000000000005,0.00842,0.015655,0.007405,0.00952,0.01689,0.0
42,0.017055,0.01466,0.013485,0.00844,0.010025,0.02316,0.01257,0.01315,0.01937,0.007435000000000001,0.010025,0.017455,0.01752,0.01562,0.021145,0.02485,0.02035,0.02111,0.02326,0.014790000000000001,0.023465,0.019694999999999997,0.023825,0.01999,0.020380000000000002,0.023745000000000002,0.02538,0.02213,0.026680000000000002,0.013455,0.01503,0.02479,0.013014999999999999,0.017355000000000002,0.016434999999999998,0.014395,0.027395000000000003,0.008035,0.02286,0.02,0.016204999999999997,0.009055,0.018465000000000002,0.020335,0.010975,0.028395,0.004275,0.022025000000000003,0.007405,0.01869,0.020194999999999998,0.0
43,0.01815,0.013500000000000002,0.011380000000000001,0.012414999999999999,0.015095,0.01696,0.017935,0.011665,0.01848,0.017655,0.013510000000000001,0.021249999999999998,0.030285,0.009495,0.009649999999999999,0.021365000000000002,0.021775,0.013135,0.02795,0.01372,0.015025,0.01541,0.02829,0.033245,0.036045,0.03027,0.023775,0.027125,0.026275,0.02979,0.02185,0.01934,0.02568,0.020225,0.01817,0.023594999999999998,0.02351,0.02621,0.02701,0.018375000000000002,0.02413,0.021374999999999998,0.011725,0.009105,0.01772,0.028429999999999997,0.012555,0.03382,0.00773,0.03125,0.02188,0.0
44,0.021705000000000002,0.00543,0.011375,0.009895000000000001,0.012875000000000001,0.01077,0.024695,0.017225,0.013024999999999998,0.015844999999999998,0.013295000000000001,0.01596,0.027145,0.008570000000000001,0.03559,0.02354,0.029515,0.03268,0.02556,0.03735,0.03753,0.02389,0.040639999999999996,0.02835,0.02947,0.021245,0.04073,0.024919999999999998,0.02945,0.03405,0.03418,0.02672,0.029735,0.039779999999999996,0.045815,0.01882,0.02002,0.033295,0.016635,0.03271,0.014610000000000001,0.02495,0.03313,0.00652,0.01808,0.037925,0.012424999999999999,0.017314999999999997,0.00699,0.0,0.022350000000000002,0.0
45,0.018915,0.01182,0.01816,0.011715,0.018009999999999998,0.010925,0.019685,0.019525,0.01726,0.009420000000000001,0.015905,0.011375,0.020595000000000002,0.01998,0.009725,0.014605,0.021644999999999998,0.017615,0.0138,0.02854,0.03001,0.018305000000000002,0.02012,0.024395,0.029455,0.030975000000000003,0.03683,0.031685000000000005,0.02887,0.03143,0.024835,0.03408,0.03,0.023045,0.017755,0.014249999999999999,0.019355,0.021894999999999998,0.01704,0.031615,0.01711,0.00505,0.01414,0.037175,0.010485,0.020335,0.01222,0.0359,0.02454,0.0166,0.016345,0.0
46,0.01678,0.024245000000000003,0.01009,0.010175,0.012375,0.0094,0.01134,0.014475,0.01769,0.012875000000000001,0.012125,0.01541,0.036809999999999996,0.013925,0.017195000000000002,0.01677,0.013735,0.016235,0.012254999999999999,0.01817,0.015595000000000001,0.02344,0.025779999999999997,0.021085,0.02688,0.02481,0.016454999999999997,0.023305,0.027299999999999998,0.023989999999999997,0.027110000000000002,0.0308,0.015825,0.024945000000000002,0.02307,0.02736,0.02138,0.023865,0.032705,0.023934999999999998,0.00952,0.029124999999999998,0.0059,0.00872,0.015435,0.02293,0.016,0.018825,0.009909999999999999,0.01905,0.022895,0.0
47,0.023915,0.02457,0.019435,0.013365,0.01408,0.020470000000000002,0.01647,0.014755,0.016315,0.016515000000000002,0.021315,0.023875,0.026520000000000002,0.03561,0.016059999999999998,0.02318,0.02636,0.025980000000000003,0.028319999999999998,0.023295,0.020130000000000002,0.0312,0.02766,0.025955,0.030075,0.03009,0.026935,0.037559999999999996,0.02394,0.05552,0.042605,0.033165,0.02979,0.026855,0.03069,0.02602,0.02427,0.01716,0.028275,0.040874999999999995,0.025695000000000003,0.021155,0.032045000000000004,0.016145,0.04139,0.035355,0.039675,0.02632,0.007634999999999999,0.015875,0.03028,0.0
48,0.020975,0.00712,0.01151,0.00984,0.013765,0.00983,0.009285,0.019005,0.009174999999999999,0.01537,0.033034999999999995,0.010015,0.02033,0.023710000000000002,0.021385,0.010045,0.02635,0.02045,0.01779,0.016145,0.031235,0.026625,0.033995,0.024509999999999997,0.014620000000000001,0.03418,0.01306,0.026955,0.034269999999999995,0.0365,0.03764,0.030914999999999998,0.03725,0.0288,0.02892,0.02907,0.02843,0.033394999999999994,0.022275000000000003,0.012515,0.02857,0.01704,0.05066,0.02728,0.05734,0.038075,0.029519999999999998,0.01887,0.00735,0.0177,0.028075000000000003,0.0
49,0.022455000000000003,0.007765,0.01638,0.01495,0.016384999999999997,0.025425,0.01478,0.01121,0.009295,0.01122,0.016919999999999998,0.01629,0.013795,0.01253,0.011994999999999999,0.014785,0.013485,0.0207,0.01441,0.02416,0.022135000000000002,0.03499,0.0169,0.01963,0.02813,0.016005,0.033935,0.028765,0.02565,0.01831,0.032405,0.033805,0.024285,0.040615,0.020855,0.031185,0.028835,0.01814,0.017195000000000002,0.02636,0.02741,0.01717,0.019835,0.016995,0.02368,0.031619999999999995,0.01176,0.006444999999999999,0.053290000000000004,0.044649999999999995,0.021075,0.0
50,0.0154,0.007835,0.010765,0.014450000000000001,0.00831,0.012865000000000001,0.0222,0.01672,0.018595,0.013425,0.012235,0.010225,0.013354999999999999,0.012305,0.010714999999999999,0.016045,0.016864999999999998,0.02457,0.020305,0.015935,0.01513,0.029310000000000003,0.01447,0.02479,0.011795,0.02411,0.028615,0.018115,0.027999999999999997,0.02434,0.02335,0.033665,0.027625,0.01928,0.022735,0.030335,0.027145,0.0303,0.025015,0.02725,0.018854999999999997,0.028245,0.03228,0.01349,0.02902,0.01302,0.017355000000000002,0.01136,0.006875,0.009305,0.019700000000000002,0.0
51,0.011949999999999999,0.016325,0.00566,0.01077,0.008355000000000001,0.008,0.006565,0.008029999999999999,0.01042,0.01008,0.00898,0.023885,0.01362,0.01435,0.00877,0.018224999999999998,0.01133,0.009985,0.021580000000000002,0.02316,0.015739999999999997,0.027104999999999997,0.01719,0.012750000000000001,0.02557,0.02061,0.01125,0.01841,0.017465,0.036635,0.031450000000000006,0.025235,0.036750000000000005,0.029755,0.027765,0.030475000000000002,0.01502,0.01747,0.012975,0.02497,0.013735,0.011515000000000001,0.021525,0.015195,0.013235,0.01204,0.01616,0.02364,0.013375,0.0381,0.014435,0.0
52,0.011215,0.005509999999999999,0.009094999999999999,0.02162,0.00838,0.0059900000000000005,0.024114999999999998,0.01205,0.010055,0.014905,0.039760000000000004,0.017755,0.01206,0.01358,0.022914999999999998,0.03909,0.023649999999999997,0.008635,0.036419999999999994,0.01784,0.01286,0.014255,0.015965,0.02164,0.02629,0.036155,0.033505,0.031555,0.028305,0.016399999999999998,0.051305,0.06273999999999999,0.0395,0.05693,0.04267,0.02299,0.060245,0.03275,0.01846,0.016739999999999998,0.050635,0.049315,0.00459,0.105405,0.010975,0.0156,0.01266,0.02392,0.0,0.00952,0.02123,0.0
53,0.0153,0.009895,0.01115,0.01133,0.00976,0.010845,0.02059,0.012969999999999999,0.018924999999999997,0.013505,0.010445,0.01406,0.011715,0.020630000000000003,0.01052,0.014655,0.008935,0.013434999999999999,0.013995,0.017105000000000002,0.01855,0.013604999999999999,0.026825,0.031205,0.01821,0.01937,0.01526,0.01607,0.021095000000000003,0.02062,0.033445,0.01601,0.01111,0.023795,0.02425,0.032955,0.026099999999999998,0.022425,0.024565,0.01802,0.022475000000000002,0.02273,0.029195,0.021095000000000003,0.035565,0.013315,0.01307,0.013985000000000001,0.00725,0.0283,0.024345,0.0
54,0.00944,0.00929,0.01387,0.010945,0.010165,0.005945,0.010075,0.010675,0.011695,0.007355,0.017390000000000003,0.01148,0.00937,0.00809,0.01371,0.01869,0.01715,0.0132,0.018529999999999998,0.01248,0.00876,0.011415,0.01137,0.01285,0.012235,0.0222,0.01908,0.007325,0.01782,0.01762,0.018945,0.028295,0.01958,0.021380000000000003,0.024805,0.02218,0.02343,0.027075000000000002,0.025215,0.017204999999999998,0.014695,0.01432,0.034305,0.01786,0.010825,0.023925000000000002,0.00752,0.010445,0.00719,0.009435,0.013675,0.0
55,0.01761,0.01098,0.00963,0.013059999999999999,0.013795,0.0114,0.012924999999999999,0.012125,0.01253,0.01422,0.01573,0.023129999999999998,0.007634999999999999,0.009725000000000001,0.018125000000000002,0.037,0.024255,0.014785,0.015019999999999999,0.01932,0.022675,0.01335,0.026105,0.021365,0.03924,0.018665,0.022895,0.02391,0.032215,0.02218,0.022420000000000002,0.022690000000000002,0.028455,0.031380000000000005,0.05247,0.04215,0.025500000000000002,0.031030000000000002,0.03198,0.030969999999999998,0.03867,0.030629999999999998,0.078775,0.03184,0.04143,0.017815,0.01048,0.025885,0.020694999999999998,0.02655,0.033985,0.0
56,0.012150000000000001,0.014079999999999999,0.013395,0.006515,0.011595000000000001,0.02255,0.007475,0.01508,0.00875,0.017955,0.01486,0.012665,0.00727,0.036665,0.016475,0.014415,0.011574999999999998,0.02182,0.0194,0.02194,0.01949,0.017015000000000002,0.021089999999999998,0.03541,0.02136,0.01427,0.02445,0.02472,0.015655000000000002,0.039610000000000006,0.03717,0.02996,0.027415000000000002,0.01386,0.028894999999999997,0.034605,0.0418,0.024845,0.02973,0.027360000000000002,0.05341,0.03165,0.030324999999999998,0.02785,0.019275,0.03075,0.030010000000000002,0.044594999999999996,0.02013,0.0,0.03853,0.0
57,0.009430000000000001,0.014505,0.007975,0.009755,0.009670000000000002,0.015130000000000001,0.00873,0.007565,0.01564,0.012425,0.007585,0.022295000000000002,0.011195,0.0138,0.01919,0.012215,0.010765,0.01758,0.02943,0.01811,0.018430000000000002,0.021515,0.008685,0.01872,0.02042,0.014755,0.015315,0.01263,0.01826,0.01976,0.02095,0.012410000000000001,0.019880000000000002,0.02964,0.01916,0.022225,0.0284,0.02493,0.037725,0.02324,0.02313,0.03718,0.01367,0.009215000000000001,0.017525,0.01316,0.0082,0.00935,0.058265,0.01026,0.02142,0.0
58,0.0045249999999999995,0.006045,0.00328,0.00475,0.01332,0.00456,0.007315,0.00971,0.008539999999999999,0.005525,0.013895000000000001,0.0048400000000000006,0.011835,0.01793,0.016665,0.007294999999999999,0.023025,0.008584999999999999,0.009985,0.02985,0.00668,0.006840000000000001,0.01267,0.01768,0.015035,0.01677,0.014624999999999999,0.01296,0.013670000000000002,0.02146,0.01629,0.027825000000000003,0.019299999999999998,0.006395,0.010205,0.011474999999999999,0.020374999999999997,0.02076,0.02587,0.01498,0.022760000000000002,0.024735,0.028215,0.016835000000000003,0.03067,0.027585,0.01158,0.04523,0.019415,0.00847,0.021789999999999997,0.0
59,0.00518,0.00468,0.009495,0.011555,0.005535,0.004545,0.00825,0.006505,0.012255,0.021394999999999997,0.009340000000000001,0.01373,0.01105,0.014575000000000001,0.036105,0.00472,0.01349,0.010724999999999998,0.01827,0.00791,0.015595000000000001,0.015835000000000002,0.012715,0.00966,0.014765,0.01503,0.01866,0.01538,0.00494,0.009184999999999999,0.01427,0.0274,0.008365000000000001,0.02485,0.0213,0.010085,0.01448,0.04584,0.012685,0.01628,0.040830000000000005,0.036465,0.024645,0.04159,0.01778,0.020025,0.011810000000000001,0.04406,0.00704,0.02553,0.02108,0.0
60,0.003715,0.003815,0.004095,0.014020000000000001,0.013534999999999998,0.009885,0.005955,0.013835,0.00823,0.013755,0.008115,0.009364999999999998,0.01168,0.015345000000000001,0.00615,0.00737,0.01409,0.013774999999999999,0.013795,0.006765,0.007655,0.009059999999999999,0.01444,0.02768,0.021265,0.01727,0.016625,0.0032199999999999998,0.011519999999999999,0.028615,0.017185,0.01329,0.01622,0.017204999999999998,0.027525,0.00944,0.015135,0.03573,0.038279999999999995,0.022255,0.0263,0.016364999999999998,0.03828,0.02172,0.04846,0.042725,0.023815,0.037294999999999995,0.02985,0.00897,0.037205,0.0
61,0.010280000000000001,0.0075899999999999995,0.0048850000000000005,0.00571,0.0066949999999999996,0.009745,0.0068850000000000005,0.01564,0.020945,0.00617,0.016730000000000002,0.01656,0.00366,0.008525000000000001,0.008045,0.020975,0.01855,0.014965,0.007169999999999999,0.02712,0.007685,0.02623,0.03247,0.034625,0.021575,0.015645,0.00818,0.014495000000000001,0.031795000000000004,0.016325,0.021055,0.016715,0.012305,0.032575,0.008195000000000001,0.03851,0.061235,0.013235,0.013085,0.084805,0.051035,0.037595,0.069685,0.031575000000000006,0.025535000000000002,0.035754999999999995,0.04821,0.02347,0.032155,0.019514999999999998,0.02207,0.0
62,0.0021850000000000003,0.0016,0.004880000000000001,0.00151,0.00232,0.01718,0.0035,0.018345,0.02044,0.0119,0.010235000000000001,0.00554,0.005015,0.00656,0.008629999999999999,0.015609999999999999,0.0022849999999999997,0.008845,0.014495000000000001,0.010849999999999999,0.006659999999999999,0.00112,0.007685,0.008275000000000001,0.004215,0.00316,0.00582,0.004155,0.006675,0.00648,0.00205,0.0056749999999999995,0.00511,0.011105,0.010405000000000001,0.00809,0.010759999999999999,0.007385,0.01054,0.011415,0.012815,0.01409,0.035295,0.02062,0.024579999999999998,0.01353,0.01961,0.01616,0.024,0.0,0.01049,0.0
63,0.003085,0.0047550000000000005,0.00166,0.01035,0.0015,0.00802,0.00204,0.00079,0.00345,0.00165,0.0063750000000000005,0.001875,0.012660000000000001,0.004975,0.0031,0.01009,0.004569999999999999,0.008775,0.0024,0.009245,0.015035,0.00685,0.01388,0.008584999999999999,0.007265000000000001,0.00589,0.01136,0.020825,0.00394,0.008355000000000001,0.012830000000000001,0.0077800000000000005,0.015470000000000001,0.008635,0.03229,0.02994,0.0032649999999999997,0.00915,0.01035,0.00707,0.02063,0.019145000000000002,0.00587,0.04503,0.028409999999999998,0.024095,0.016829999999999998,0.032335,0.007115,0.0,0.014454999999999999,0.0
64,0.00259,0.0030949999999999997,0.001625,0.001485,0.0061849999999999995,0.00152,0.00267,0.00237,0.0066949999999999996,0.0038900000000000002,0.00233,0.0084,0.005815,0.002835,0.007949999999999999,0.005185,0.0045,0.00325,0.00365,0.005625,0.0022050000000000004,0.00116,0.004475,0.0025900000000000003,0.004335,0.001045,0.00103,0.00209,0.0028450000000000003,0.001095,0.00287,0.004425,0.00107,0.004385,0.00216,0.001085,0.005355,0.00219,0.010839999999999999,0.008535000000000001,0.009495,0.0038650000000000004,0.01213,0.01484,0.01088,0.01346,0.008315,0.00877,0.01408,0.01905,0.00872,0.0
65,0.00149,0.000795,0.0,0.00079,0.00076,0.00075,0.00272,0.0024149999999999996,0.00076,0.0063999999999999994,0.00318,0.003535,0.005235,0.001865,0.005265000000000001,0.002155,0.0023049999999999998,0.002715,0.0024,0.00113,0.0023150000000000002,0.00115,0.003255,0.002045,0.00297,0.0020949999999999996,0.00104,0.003065,0.00093,0.0060750000000000005,0.00194,0.0023550000000000003,0.006065,0.00114,0.0021349999999999997,0.00104,0.0,0.014700000000000001,0.004095,0.00853,0.00284,0.0,0.010575000000000001,0.00927,0.006795,0.01261,0.00422,0.009500000000000001,0.006735,0.00926,0.00458,0.0
66,0.001475,0.0,0.00249,0.00077,0.00226,0.00073,0.00204,0.00075,0.0,0.004725,0.0,0.0,0.00279,0.0,0.0,0.0019649999999999997,0.0,0.00223,0.00374,0.0,0.00216,0.0,0.0,0.00101,0.00106,0.002005,0.00098,0.004144999999999999,0.00097,0.00205,0.00203,0.0,0.00104,0.002175,0.00511,0.0,0.00316,0.001665,0.00263,0.00276,0.00255,0.002445,0.004555,0.003765,0.0,0.0,0.0,0.0,0.00719,0.0,0.0034850000000000003,0.0
67,0.00107,0.0007650000000000001,0.0,0.0,0.00074,0.00076,0.00134,0.00076,0.00036,0.00236,0.0008,0.0,0.00376,0.000995,0.00107,0.00106,0.001095,0.00108,0.001135,0.00237,0.00328,0.00224,0.0,0.0,0.0,0.0,0.0,0.00511,0.0,0.002105,0.0,0.010255,0.00309,0.006675,0.00107,0.00106,0.0,0.00231,0.00135,0.0,0.004149999999999999,0.00508,0.0,0.009125000000000001,0.00448,0.015019999999999999,0.007445,0.017660000000000002,0.00704,0.0,0.00593,0.0
68,0.00043,0.00077,0.00082,0.0,0.00073,0.0,0.00067,0.0,0.0,0.0,0.0,0.0,0.0,0.0,0.0,0.0,0.0,0.0,0.0,0.0,0.00111,0.0,0.0,0.0,0.0,0.0,0.0,0.0,0.00098,0.0,0.0,0.00222,0.0,0.00112,0.00105,0.00208,0.00322,0.00228,0.00128,0.00422,0.0,0.00264,0.00147,0.00375,0.004484999999999999,0.0,0.00403,0.0,0.022824999999999998,0.0,0.002685,0.0
69,0.0030350000000000004,0.00078,0.00081,0.0023,0.00078,0.003685,0.00136,0.000775,0.00373,0.00162,0.000815,0.004645,0.00282,0.0009350000000000001,0.0,0.003585,0.006869999999999999,0.00216,0.001255,0.00238,0.006505,0.00224,0.00212,0.00198,0.002175,0.006065,0.0020550000000000004,0.004205,0.001405,0.00105,0.00211,0.00229,0.00205,0.00329,0.011205,0.0021349999999999997,0.00484,0.008265,0.005195,0.00281,0.00129,0.006305,0.012050000000000002,0.003705,0.00222,0.005145,0.01965,0.02791,0.061495,0.04202,0.04049,0.0
70+,0.0,0.0,0.0,0.0,0.0,0.0,0.0,0.0,0.0,0.0,0.0,0.0,0.0,0.0,0.0,0.0,0.0,0.0,0.0,0.0,0.0,0.0,0.0,0.0,0.0,0.0,0.0,0.0,0.0,0.0,0.0,0.0,0.0,0.0,0.0,0.0,0.0,0.0,0.0,0.0,0.0,0.0,0.0,0.0,0.0,0.0,0.0,0.0,0.0,0.0,0.0,0.0
