,mean,sd,hdi_2.5%,hdi_97.5%,mcse_mean,mcse_sd,ess_bulk,ess_tail,r_hat
alpha,4.04,1.066,2.193,6.176,0.037,0.04,758.0,759.0,1.0
beta_age_group[0],-0.044,0.162,-0.343,0.275,0.006,0.004,785.0,702.0,1.0
beta_age_group[1],0.028,0.134,-0.259,0.266,0.005,0.004,807.0,797.0,1.0
beta_age_group[2],-0.133,0.131,-0.407,0.128,0.005,0.004,768.0,774.0,1.0
beta_age_group[3],0.009,0.143,-0.269,0.298,0.005,0.004,743.0,757.0,1.0
beta_age_group_full[0],0.0,0.0,0.0,0.0,0.0,,800.0,800.0,
beta_age_group_full[1],-0.044,0.162,-0.343,0.275,0.006,0.004,785.0,702.0,1.0
beta_age_group_full[2],0.028,0.134,-0.259,0.266,0.005,0.004,807.0,797.0,1.0
beta_age_group_full[3],-0.133,0.131,-0.407,0.128,0.005,0.004,768.0,774.0,1.0
beta_age_group_full[4],0.009,0.143,-0.269,0.298,0.005,0.004,743.0,757.0,1.0
beta_school[0],-1.472,0.72,-2.896,-0.088,0.027,0.019,702.0,724.0,1.0
beta_school[1],-0.12,0.22,-0.564,0.295,0.008,0.006,714.0,785.0,1.0
beta_school[2],1.99,0.204,1.572,2.375,0.007,0.005,890.0,813.0,1.0
beta_school[3],1.534,0.731,0.17,2.979,0.026,0.018,820.0,684.0,1.0
beta_school[4],-1.292,0.729,-2.718,0.074,0.027,0.018,715.0,773.0,1.0
beta_school[5],1.492,0.739,0.114,3.021,0.027,0.018,771.0,701.0,1.0
beta_vacc_status[0],0.023,0.111,-0.182,0.249,0.004,0.002,770.0,816.0,1.0
beta_vacc_status[1],-0.047,0.098,-0.229,0.143,0.003,0.002,843.0,862.0,1.01
beta_vacc_status_full[0],0.0,0.0,0.0,0.0,0.0,,800.0,800.0,
beta_vacc_status_full[1],0.023,0.111,-0.182,0.249,0.004,0.002,770.0,816.0,1.0
beta_vacc_status_full[2],-0.047,0.098,-0.229,0.143,0.003,0.002,843.0,862.0,1.01
beta_variant_full[0],0.0,0.0,0.0,0.0,0.0,,800.0,800.0,
group_intercept[0],-0.326,0.808,-2.054,1.021,0.029,0.045,733.0,643.0,1.01
holiday[0],-0.105,0.207,-0.531,0.295,0.007,0.005,789.0,801.0,1.0
holiday_full[0],0.0,0.0,0.0,0.0,0.0,,800.0,800.0,
holiday_full[1],-0.105,0.207,-0.531,0.295,0.007,0.005,789.0,801.0,1.0
hurdle,0.029,0.023,0.0,0.074,0.001,0.001,712.0,708.0,1.01
intercept,-1.719,0.833,-3.082,0.067,0.031,0.047,702.0,617.0,1.0
log_alpha,1.365,0.245,0.952,1.925,0.009,0.007,758.0,759.0,1.0
mu[0],0.954,0.117,0.737,1.162,0.004,0.003,769.0,691.0,1.0
mu[1],0.136,0.032,0.079,0.195,0.001,0.001,888.0,700.0,1.0
mu[2],0.912,0.123,0.708,1.191,0.004,0.004,759.0,774.0,1.0
mu[3],0.121,0.028,0.073,0.176,0.001,0.001,870.0,769.0,1.0
mu[4],1.003,0.114,0.801,1.238,0.004,0.003,977.0,770.0,1.0
mu[5],2.169,0.253,1.707,2.696,0.01,0.007,691.0,648.0,1.0
mu[6],0.98,0.113,0.758,1.204,0.004,0.003,740.0,699.0,1.01
mu[7],0.98,0.113,0.758,1.204,0.004,0.003,740.0,699.0,1.01
mu[8],2.02,0.219,1.647,2.498,0.009,0.006,655.0,750.0,1.01
mu[9],0.119,0.025,0.072,0.17,0.001,0.001,848.0,775.0,1.0
mu[10],0.795,0.078,0.64,0.942,0.003,0.002,757.0,732.0,1.01
mu[11],2.378,0.331,1.756,3.049,0.012,0.009,782.0,812.0,1.01
mu[12],2.216,0.305,1.584,2.772,0.011,0.008,824.0,719.0,1.01
mu[13],0.854,0.098,0.661,1.043,0.004,0.003,749.0,688.0,1.0
mu[14],0.98,0.113,0.758,1.204,0.004,0.003,740.0,699.0,1.01
mu[15],1.222,0.198,0.907,1.68,0.007,0.005,714.0,718.0,1.01
mu[16],0.136,0.032,0.079,0.195,0.001,0.001,888.0,700.0,1.0
mu[17],0.912,0.123,0.708,1.191,0.004,0.004,759.0,774.0,1.0
mu[18],1.216,0.147,0.957,1.54,0.005,0.004,787.0,754.0,1.0
mu[19],0.136,0.032,0.079,0.195,0.001,0.001,888.0,700.0,1.0
mu[20],1.0,0.131,0.762,1.27,0.005,0.003,735.0,682.0,1.0
mu[21],1.089,0.156,0.804,1.414,0.005,0.004,865.0,856.0,1.01
mu[22],0.795,0.078,0.64,0.942,0.003,0.002,757.0,732.0,1.01
mu[23],2.169,0.253,1.707,2.696,0.01,0.007,691.0,648.0,1.0
mu[24],0.873,0.119,0.661,1.119,0.004,0.003,773.0,835.0,1.01
mu[25],1.0,0.131,0.762,1.27,0.005,0.003,735.0,682.0,1.0
mu[26],1.216,0.147,0.957,1.54,0.005,0.004,787.0,754.0,1.0
mu[27],0.962,0.11,0.757,1.182,0.004,0.003,772.0,788.0,1.01
mu[28],1.196,0.161,0.899,1.496,0.006,0.004,689.0,759.0,1.01
mu[29],0.127,0.03,0.072,0.188,0.001,0.001,865.0,804.0,1.0
mu[30],0.127,0.027,0.077,0.183,0.001,0.001,844.0,732.0,1.0
mu[31],2.315,0.318,1.725,2.964,0.011,0.009,830.0,741.0,1.0
mu[32],1.307,0.173,0.977,1.624,0.006,0.004,883.0,762.0,1.0
mu[33],1.019,0.136,0.735,1.263,0.005,0.004,659.0,685.0,1.0
mu[34],0.971,0.114,0.752,1.188,0.004,0.003,674.0,795.0,1.0
mu[35],1.155,0.252,0.693,1.654,0.009,0.007,747.0,721.0,1.0
mu[36],0.121,0.028,0.073,0.176,0.001,0.001,870.0,769.0,1.0
mu[37],1.043,0.137,0.796,1.324,0.005,0.004,819.0,860.0,1.0
mu[38],0.13,0.027,0.082,0.184,0.001,0.001,948.0,770.0,1.0
mu[39],2.545,0.286,2.032,3.131,0.01,0.007,792.0,812.0,1.0
mu[40],0.139,0.029,0.087,0.2,0.001,0.001,1023.0,715.0,1.0
mu[41],0.995,0.159,0.688,1.311,0.006,0.004,735.0,737.0,1.0
mu[42],2.489,0.302,1.85,3.028,0.011,0.009,734.0,589.0,1.01
mu[43],0.127,0.029,0.073,0.182,0.001,0.001,832.0,711.0,1.0
mu[44],1.003,0.114,0.801,1.238,0.004,0.003,977.0,770.0,1.0
mu[45],1.196,0.161,0.899,1.496,0.006,0.004,689.0,759.0,1.01
mu[46],0.13,0.027,0.082,0.184,0.001,0.001,948.0,770.0,1.0
mu[47],0.917,0.097,0.734,1.111,0.003,0.003,782.0,701.0,1.01
mu[48],1.307,0.173,0.977,1.624,0.006,0.004,883.0,762.0,1.0
mu[49],0.912,0.123,0.708,1.191,0.004,0.004,759.0,774.0,1.0
mu[50],0.933,0.09,0.766,1.108,0.003,0.002,836.0,565.0,1.0
mu[51],0.917,0.097,0.734,1.111,0.003,0.003,782.0,701.0,1.01
mu[52],0.827,0.094,0.623,0.995,0.004,0.003,640.0,593.0,1.01
mu[53],1.196,0.161,0.899,1.496,0.006,0.004,689.0,759.0,1.01
mu[54],0.827,0.094,0.623,0.995,0.004,0.003,640.0,593.0,1.01
mu[55],0.908,0.142,0.661,1.203,0.005,0.004,677.0,814.0,1.0
mu[56],0.121,0.028,0.073,0.176,0.001,0.001,870.0,769.0,1.0
mu[57],0.933,0.09,0.766,1.108,0.003,0.002,836.0,565.0,1.0
mu[58],1.216,0.147,0.957,1.54,0.005,0.004,787.0,754.0,1.0
mu[59],2.37,0.243,1.912,2.829,0.009,0.006,764.0,772.0,1.0
mu[60],0.971,0.114,0.752,1.188,0.004,0.003,674.0,795.0,1.0
mu[61],0.933,0.09,0.766,1.108,0.003,0.002,836.0,565.0,1.0
mu[62],1.0,0.131,0.762,1.27,0.005,0.003,735.0,682.0,1.0
mu[63],1.216,0.147,0.957,1.54,0.005,0.004,787.0,754.0,1.0
mu[64],0.127,0.029,0.073,0.182,0.001,0.001,832.0,711.0,1.0
mu[65],0.933,0.09,0.766,1.108,0.003,0.002,836.0,565.0,1.0
mu[66],0.13,0.027,0.082,0.184,0.001,0.001,948.0,770.0,1.0
mu[67],1.194,0.198,0.834,1.58,0.007,0.005,758.0,596.0,1.0
mu[68],1.247,0.205,0.854,1.65,0.007,0.006,811.0,737.0,1.0
mu[69],0.116,0.026,0.068,0.164,0.001,0.001,876.0,810.0,1.0
mu[70],0.136,0.032,0.079,0.195,0.001,0.001,888.0,700.0,1.0
mu[71],0.933,0.09,0.766,1.108,0.003,0.002,836.0,565.0,1.0
mu[72],1.003,0.114,0.801,1.238,0.004,0.003,977.0,770.0,1.0
mu[73],1.196,0.161,0.899,1.496,0.006,0.004,689.0,759.0,1.01
mu[74],0.11,0.023,0.068,0.154,0.001,0.001,818.0,811.0,1.01
mu[75],0.13,0.027,0.082,0.184,0.001,0.001,948.0,770.0,1.0
mu[76],2.37,0.243,1.912,2.829,0.009,0.006,764.0,772.0,1.0
mu[77],1.019,0.136,0.735,1.263,0.005,0.004,659.0,685.0,1.0
mu[78],2.37,0.243,1.912,2.829,0.009,0.006,764.0,772.0,1.0
mu[79],0.971,0.114,0.752,1.188,0.004,0.003,674.0,795.0,1.0
mu[80],0.854,0.098,0.661,1.043,0.004,0.003,749.0,688.0,1.0
mu[81],0.954,0.117,0.737,1.162,0.004,0.003,769.0,691.0,1.0
mu[82],0.11,0.023,0.068,0.154,0.001,0.001,818.0,811.0,1.01
mu[83],0.795,0.078,0.64,0.942,0.003,0.002,757.0,732.0,1.01
mu[84],1.196,0.161,0.899,1.496,0.006,0.004,689.0,759.0,1.01
mu[85],0.98,0.145,0.717,1.277,0.005,0.004,859.0,642.0,1.0
mu[86],1.216,0.147,0.957,1.54,0.005,0.004,787.0,754.0,1.0
mu[87],0.985,0.119,0.789,1.243,0.004,0.003,794.0,815.0,1.0
mu[88],0.917,0.097,0.734,1.111,0.003,0.003,782.0,701.0,1.01
mu[89],0.835,0.101,0.67,1.045,0.003,0.002,816.0,771.0,1.01
mu[90],0.933,0.09,0.766,1.108,0.003,0.002,836.0,565.0,1.0
mu[91],1.114,0.154,0.812,1.407,0.006,0.004,710.0,825.0,1.01
mu[92],0.136,0.029,0.088,0.197,0.001,0.001,912.0,734.0,1.0
mu[93],1.216,0.147,0.957,1.54,0.005,0.004,787.0,754.0,1.0
mu[94],0.917,0.097,0.734,1.111,0.003,0.003,782.0,701.0,1.01
mu[95],2.216,0.305,1.584,2.772,0.011,0.008,824.0,719.0,1.01
mu[96],0.11,0.023,0.068,0.154,0.001,0.001,818.0,811.0,1.01
mu[97],1.019,0.136,0.735,1.263,0.005,0.004,659.0,685.0,1.0
mu[98],0.11,0.023,0.068,0.154,0.001,0.001,818.0,811.0,1.01
mu[99],0.962,0.11,0.757,1.182,0.004,0.003,772.0,788.0,1.01
mu[100],0.139,0.029,0.087,0.2,0.001,0.001,1023.0,715.0,1.0
mu[101],1.196,0.161,0.899,1.496,0.006,0.004,689.0,759.0,1.01
mu[102],0.854,0.098,0.661,1.043,0.004,0.003,749.0,688.0,1.0
mu[103],2.432,0.377,1.667,3.19,0.013,0.011,815.0,727.0,1.0
mu[104],0.827,0.094,0.623,0.995,0.004,0.003,640.0,593.0,1.01
mu[105],0.908,0.142,0.661,1.203,0.005,0.004,677.0,814.0,1.0
mu[106],0.954,0.117,0.737,1.162,0.004,0.003,769.0,691.0,1.0
mu[107],2.37,0.243,1.912,2.829,0.009,0.006,764.0,772.0,1.0
mu[108],2.37,0.243,1.912,2.829,0.009,0.006,764.0,772.0,1.0
mu[109],1.003,0.114,0.801,1.238,0.004,0.003,977.0,770.0,1.0
mu[110],0.13,0.027,0.082,0.184,0.001,0.001,948.0,770.0,1.0
mu[111],0.795,0.078,0.64,0.942,0.003,0.002,757.0,732.0,1.01
mu[112],0.962,0.11,0.757,1.182,0.004,0.003,772.0,788.0,1.01
mu[113],2.37,0.243,1.912,2.829,0.009,0.006,764.0,772.0,1.0
mu[114],1.037,0.133,0.799,1.306,0.005,0.004,757.0,856.0,1.02
mu[115],0.795,0.078,0.64,0.942,0.003,0.002,757.0,732.0,1.01
mu[116],0.795,0.078,0.64,0.942,0.003,0.002,757.0,732.0,1.01
mu[117],1.075,0.23,0.65,1.529,0.008,0.006,762.0,748.0,1.0
mu[118],1.216,0.147,0.957,1.54,0.005,0.004,787.0,754.0,1.0
mu[119],0.127,0.027,0.077,0.183,0.001,0.001,844.0,732.0,1.0
mu[120],1.196,0.161,0.899,1.496,0.006,0.004,689.0,759.0,1.01
mu[121],1.307,0.173,0.977,1.624,0.006,0.004,883.0,762.0,1.0
mu[122],0.908,0.142,0.661,1.203,0.005,0.004,677.0,814.0,1.0
mu[123],1.025,0.138,0.77,1.279,0.005,0.003,746.0,819.0,1.0
mu[124],1.216,0.147,0.957,1.54,0.005,0.004,787.0,754.0,1.0
mu[125],2.486,0.36,1.852,3.256,0.013,0.01,826.0,775.0,1.0
mu[126],0.136,0.029,0.088,0.197,0.001,0.001,912.0,734.0,1.0
mu[127],1.003,0.114,0.801,1.238,0.004,0.003,977.0,770.0,1.0
mu[128],0.116,0.026,0.068,0.164,0.001,0.001,876.0,810.0,1.0
mu[129],0.795,0.078,0.64,0.942,0.003,0.002,757.0,732.0,1.01
mu[130],0.127,0.029,0.073,0.182,0.001,0.001,832.0,711.0,1.0
mu[131],0.985,0.119,0.789,1.243,0.004,0.003,794.0,815.0,1.0
mu[132],2.33,0.265,1.86,2.852,0.009,0.006,814.0,678.0,1.0
mu[133],0.888,0.112,0.686,1.116,0.004,0.003,700.0,774.0,1.0
mu[134],0.13,0.027,0.082,0.184,0.001,0.001,948.0,770.0,1.0
mu[135],1.0,0.131,0.762,1.27,0.005,0.003,735.0,682.0,1.0
mu[136],0.962,0.11,0.757,1.182,0.004,0.003,772.0,788.0,1.01
mu[137],0.827,0.094,0.623,0.995,0.004,0.003,640.0,593.0,1.01
mu[138],0.139,0.029,0.087,0.2,0.001,0.001,1023.0,715.0,1.0
mu[139],0.13,0.03,0.076,0.19,0.001,0.001,917.0,743.0,1.01
mu[140],2.33,0.265,1.86,2.852,0.009,0.006,814.0,678.0,1.0
mu[141],1.075,0.23,0.65,1.529,0.008,0.006,762.0,748.0,1.0
mu[142],0.11,0.023,0.068,0.154,0.001,0.001,818.0,811.0,1.01
mu[143],0.868,0.116,0.644,1.104,0.004,0.003,747.0,734.0,1.0
mu[144],1.222,0.198,0.907,1.68,0.007,0.005,714.0,718.0,1.01
mu[145],0.932,0.194,0.603,1.344,0.007,0.005,789.0,812.0,1.0
mu[146],1.037,0.133,0.799,1.306,0.005,0.004,757.0,856.0,1.02
mu[147],0.13,0.027,0.082,0.184,0.001,0.001,948.0,770.0,1.0
mu[148],0.912,0.123,0.708,1.191,0.004,0.004,759.0,774.0,1.0
mu[149],0.912,0.123,0.708,1.191,0.004,0.004,759.0,774.0,1.0
mu[150],1.254,0.175,0.922,1.596,0.006,0.005,837.0,708.0,1.01
mu[151],0.127,0.027,0.077,0.183,0.001,0.001,844.0,732.0,1.0
mu[152],0.912,0.123,0.708,1.191,0.004,0.004,759.0,774.0,1.0
mu[153],1.216,0.147,0.957,1.54,0.005,0.004,787.0,754.0,1.0
mu[154],0.958,0.144,0.689,1.231,0.005,0.004,796.0,664.0,1.0
mu[155],0.127,0.027,0.077,0.183,0.001,0.001,844.0,732.0,1.0
mu[156],0.127,0.03,0.072,0.188,0.001,0.001,865.0,804.0,1.0
mu[157],0.962,0.11,0.757,1.182,0.004,0.003,772.0,788.0,1.01
mu[158],0.795,0.078,0.64,0.942,0.003,0.002,757.0,732.0,1.01
mu[159],0.136,0.032,0.079,0.195,0.001,0.001,888.0,700.0,1.0
mu[160],2.489,0.302,1.85,3.028,0.011,0.009,734.0,589.0,1.01
mu[161],1.037,0.133,0.799,1.306,0.005,0.004,757.0,856.0,1.02
mu[162],0.13,0.03,0.076,0.19,0.001,0.001,917.0,743.0,1.01
mu[163],0.835,0.101,0.67,1.045,0.003,0.002,816.0,771.0,1.01
mu[164],0.917,0.097,0.734,1.111,0.003,0.003,782.0,701.0,1.01
mu[165],0.933,0.09,0.766,1.108,0.003,0.002,836.0,565.0,1.0
mu[166],2.486,0.36,1.852,3.256,0.013,0.01,826.0,775.0,1.0
mu[167],1.025,0.138,0.77,1.279,0.005,0.003,746.0,819.0,1.0
mu[168],0.136,0.029,0.088,0.197,0.001,0.001,912.0,734.0,1.0
mu[169],2.216,0.305,1.584,2.772,0.011,0.008,824.0,719.0,1.01
mu[170],0.11,0.023,0.068,0.154,0.001,0.001,818.0,811.0,1.01
mu[171],0.912,0.123,0.708,1.191,0.004,0.004,759.0,774.0,1.0
mu[172],0.873,0.119,0.661,1.119,0.004,0.003,773.0,835.0,1.01
mu[173],1.254,0.175,0.922,1.596,0.006,0.005,837.0,708.0,1.01
mu[174],0.121,0.028,0.073,0.176,0.001,0.001,870.0,769.0,1.0
mu[175],0.917,0.097,0.734,1.111,0.003,0.003,782.0,701.0,1.01
mu[176],0.13,0.027,0.082,0.184,0.001,0.001,948.0,770.0,1.0
mu[177],0.985,0.119,0.789,1.243,0.004,0.003,794.0,815.0,1.0
mu[178],0.873,0.119,0.661,1.119,0.004,0.003,773.0,835.0,1.01
mu[179],0.835,0.101,0.67,1.045,0.003,0.002,816.0,771.0,1.01
mu[180],0.827,0.094,0.623,0.995,0.004,0.003,640.0,593.0,1.01
mu[181],0.962,0.11,0.757,1.182,0.004,0.003,772.0,788.0,1.01
mu[182],0.795,0.078,0.64,0.942,0.003,0.002,757.0,732.0,1.01
mu[183],0.954,0.117,0.737,1.162,0.004,0.003,769.0,691.0,1.0
mu[184],0.962,0.11,0.757,1.182,0.004,0.003,772.0,788.0,1.01
mu[185],0.854,0.098,0.661,1.043,0.004,0.003,749.0,688.0,1.0
mu[186],1.003,0.114,0.801,1.238,0.004,0.003,977.0,770.0,1.0
mu[187],0.835,0.101,0.67,1.045,0.003,0.002,816.0,771.0,1.01
mu[188],1.277,0.171,0.939,1.595,0.006,0.004,868.0,815.0,1.0
mu[189],0.11,0.023,0.068,0.154,0.001,0.001,818.0,811.0,1.01
mu[190],0.933,0.09,0.766,1.108,0.003,0.002,836.0,565.0,1.0
mu[191],0.134,0.029,0.084,0.193,0.001,0.001,845.0,750.0,1.0
mu[192],0.933,0.09,0.766,1.108,0.003,0.002,836.0,565.0,1.0
mu[193],0.854,0.098,0.661,1.043,0.004,0.003,749.0,688.0,1.0
mu[194],0.873,0.119,0.661,1.119,0.004,0.003,773.0,835.0,1.01
mu[195],2.501,0.304,1.941,3.107,0.011,0.007,712.0,774.0,1.0
mu[196],2.501,0.304,1.941,3.107,0.011,0.007,712.0,774.0,1.0
mu[197],2.501,0.304,1.941,3.107,0.011,0.007,712.0,774.0,1.0
mu[198],0.137,0.03,0.082,0.2,0.001,0.001,861.0,623.0,1.0
mu[199],2.123,0.275,1.632,2.663,0.01,0.007,853.0,784.0,1.0
mu[200],0.888,0.112,0.686,1.116,0.004,0.003,700.0,774.0,1.0
mu[201],0.13,0.027,0.082,0.184,0.001,0.001,948.0,770.0,1.0
mu[202],0.13,0.027,0.082,0.184,0.001,0.001,948.0,770.0,1.0
mu[203],0.971,0.114,0.752,1.188,0.004,0.003,674.0,795.0,1.0
mu[204],0.962,0.11,0.757,1.182,0.004,0.003,772.0,788.0,1.01
mu[205],2.501,0.304,1.941,3.107,0.011,0.007,712.0,774.0,1.0
mu[206],1.129,0.251,0.709,1.651,0.009,0.007,779.0,775.0,1.0
mu[207],0.795,0.078,0.64,0.942,0.003,0.002,757.0,732.0,1.01
mu[208],2.486,0.36,1.852,3.256,0.013,0.01,826.0,775.0,1.0
mu[209],0.127,0.029,0.073,0.182,0.001,0.001,832.0,711.0,1.0
mu[210],2.216,0.305,1.584,2.772,0.011,0.008,824.0,719.0,1.01
mu[211],0.908,0.142,0.661,1.203,0.005,0.004,677.0,814.0,1.0
mu[212],1.089,0.156,0.804,1.414,0.005,0.004,865.0,856.0,1.01
mu[213],1.043,0.137,0.796,1.324,0.005,0.004,819.0,860.0,1.0
mu[214],0.912,0.123,0.708,1.191,0.004,0.004,759.0,774.0,1.0
mu[215],0.933,0.09,0.766,1.108,0.003,0.002,836.0,565.0,1.0
mu[216],0.933,0.09,0.766,1.108,0.003,0.002,836.0,565.0,1.0
mu[217],0.127,0.029,0.073,0.182,0.001,0.001,832.0,711.0,1.0
mu[218],2.33,0.265,1.86,2.852,0.009,0.006,814.0,678.0,1.0
mu[219],2.501,0.304,1.941,3.107,0.011,0.007,712.0,774.0,1.0
mu[220],2.33,0.265,1.86,2.852,0.009,0.006,814.0,678.0,1.0
mu[221],0.917,0.097,0.734,1.111,0.003,0.003,782.0,701.0,1.01
mu[222],2.33,0.265,1.86,2.852,0.009,0.006,814.0,678.0,1.0
mu[223],0.917,0.097,0.734,1.111,0.003,0.003,782.0,701.0,1.01
mu[224],2.123,0.275,1.632,2.663,0.01,0.007,853.0,784.0,1.0
mu[225],0.932,0.194,0.603,1.344,0.007,0.005,789.0,812.0,1.0
mu[226],0.933,0.09,0.766,1.108,0.003,0.002,836.0,565.0,1.0
mu[227],0.139,0.029,0.087,0.2,0.001,0.001,1023.0,715.0,1.0
mu[228],0.868,0.116,0.644,1.104,0.004,0.003,747.0,734.0,1.0
mu[229],0.933,0.09,0.766,1.108,0.003,0.002,836.0,565.0,1.0
mu[230],0.127,0.027,0.077,0.183,0.001,0.001,844.0,732.0,1.0
mu[231],1.188,0.18,0.842,1.523,0.007,0.005,659.0,799.0,1.01
mu[232],1.043,0.137,0.796,1.324,0.005,0.004,819.0,860.0,1.0
mu[233],2.432,0.377,1.667,3.19,0.013,0.011,815.0,727.0,1.0
mu[234],0.827,0.094,0.623,0.995,0.004,0.003,640.0,593.0,1.01
mu[235],1.15,0.254,0.628,1.622,0.009,0.007,805.0,775.0,1.01
mu[236],1.0,0.131,0.762,1.27,0.005,0.003,735.0,682.0,1.0
mu[237],2.169,0.253,1.707,2.696,0.01,0.007,691.0,648.0,1.0
mu[238],0.134,0.029,0.084,0.193,0.001,0.001,845.0,750.0,1.0
mu[239],0.985,0.119,0.789,1.243,0.004,0.003,794.0,815.0,1.0
mu[240],1.089,0.156,0.804,1.414,0.005,0.004,865.0,856.0,1.01
mu[241],0.873,0.119,0.661,1.119,0.004,0.003,773.0,835.0,1.01
mu[242],2.216,0.305,1.584,2.772,0.011,0.008,824.0,719.0,1.01
mu[243],0.917,0.097,0.734,1.111,0.003,0.003,782.0,701.0,1.01
mu[244],1.043,0.137,0.796,1.324,0.005,0.004,819.0,860.0,1.0
mu[245],1.196,0.161,0.899,1.496,0.006,0.004,689.0,759.0,1.01
mu[246],0.933,0.09,0.766,1.108,0.003,0.002,836.0,565.0,1.0
mu[247],0.854,0.098,0.661,1.043,0.004,0.003,749.0,688.0,1.0
mu[248],2.216,0.305,1.584,2.772,0.011,0.008,824.0,719.0,1.01
mu[249],2.169,0.253,1.707,2.696,0.01,0.007,691.0,648.0,1.0
mu[250],0.933,0.09,0.766,1.108,0.003,0.002,836.0,565.0,1.0
mu[251],1.196,0.161,0.899,1.496,0.006,0.004,689.0,759.0,1.01
mu[252],1.075,0.263,0.613,1.615,0.01,0.007,724.0,698.0,1.0
mu[253],0.98,0.113,0.758,1.204,0.004,0.003,740.0,699.0,1.01
mu[254],0.933,0.09,0.766,1.108,0.003,0.002,836.0,565.0,1.0
mu[255],0.854,0.098,0.661,1.043,0.004,0.003,749.0,688.0,1.0
mu[256],1.138,0.181,0.781,1.478,0.007,0.005,677.0,721.0,1.01
mu[257],2.489,0.302,1.85,3.028,0.011,0.009,734.0,589.0,1.01
mu[258],0.916,0.136,0.663,1.181,0.005,0.004,692.0,778.0,1.01
mu[259],1.025,0.138,0.77,1.279,0.005,0.003,746.0,819.0,1.0
mu[260],0.933,0.09,0.766,1.108,0.003,0.002,836.0,565.0,1.0
mu[261],1.276,0.204,0.898,1.697,0.008,0.005,665.0,861.0,1.0
mu[262],1.037,0.133,0.799,1.306,0.005,0.004,757.0,856.0,1.02
mu[263],0.962,0.11,0.757,1.182,0.004,0.003,772.0,788.0,1.01
mu[264],0.985,0.119,0.789,1.243,0.004,0.003,794.0,815.0,1.0
mu[265],0.136,0.032,0.079,0.195,0.001,0.001,888.0,700.0,1.0
mu[266],0.873,0.119,0.661,1.119,0.004,0.003,773.0,835.0,1.01
mu[267],0.888,0.112,0.686,1.116,0.004,0.003,700.0,774.0,1.0
mu[268],0.933,0.09,0.766,1.108,0.003,0.002,836.0,565.0,1.0
mu[269],1.037,0.133,0.799,1.306,0.005,0.004,757.0,856.0,1.02
mu[270],0.827,0.094,0.623,0.995,0.004,0.003,640.0,593.0,1.01
mu[271],0.127,0.027,0.077,0.183,0.001,0.001,844.0,732.0,1.0
mu[272],1.188,0.18,0.842,1.523,0.007,0.005,659.0,799.0,1.01
mu[273],2.326,0.349,1.678,3.013,0.013,0.009,773.0,809.0,1.0
mu[274],0.127,0.029,0.073,0.182,0.001,0.001,832.0,711.0,1.0
mu[275],0.995,0.159,0.688,1.311,0.006,0.004,735.0,737.0,1.0
mu[276],0.917,0.097,0.734,1.111,0.003,0.003,782.0,701.0,1.01
mu[277],0.985,0.119,0.789,1.243,0.004,0.003,794.0,815.0,1.0
mu[278],0.933,0.09,0.766,1.108,0.003,0.002,836.0,565.0,1.0
mu[279],0.827,0.094,0.623,0.995,0.004,0.003,640.0,593.0,1.01
mu[280],0.933,0.09,0.766,1.108,0.003,0.002,836.0,565.0,1.0
mu[281],0.933,0.09,0.766,1.108,0.003,0.002,836.0,565.0,1.0
mu[282],1.254,0.175,0.922,1.596,0.006,0.005,837.0,708.0,1.01
mu[283],1.307,0.173,0.977,1.624,0.006,0.004,883.0,762.0,1.0
mu[284],1.037,0.133,0.799,1.306,0.005,0.004,757.0,856.0,1.02
mu[285],1.188,0.18,0.842,1.523,0.007,0.005,659.0,799.0,1.01
mu[286],1.196,0.161,0.899,1.496,0.006,0.004,689.0,759.0,1.01
mu[287],0.948,0.137,0.705,1.22,0.005,0.004,705.0,804.0,1.0
mu[288],0.933,0.09,0.766,1.108,0.003,0.002,836.0,565.0,1.0
mu[289],1.254,0.175,0.922,1.596,0.006,0.005,837.0,708.0,1.01
mu[290],1.307,0.173,0.977,1.624,0.006,0.004,883.0,762.0,1.0
mu[291],0.985,0.119,0.789,1.243,0.004,0.003,794.0,815.0,1.0
mu[292],0.13,0.027,0.082,0.184,0.001,0.001,948.0,770.0,1.0
mu[293],0.137,0.03,0.082,0.2,0.001,0.001,861.0,623.0,1.0
mu[294],1.138,0.181,0.781,1.478,0.007,0.005,677.0,721.0,1.01
mu[295],0.98,0.145,0.717,1.277,0.005,0.004,859.0,642.0,1.0
mu[296],1.003,0.114,0.801,1.238,0.004,0.003,977.0,770.0,1.0
mu[297],2.02,0.219,1.647,2.498,0.009,0.006,655.0,750.0,1.01
mu[298],1.075,0.23,0.65,1.529,0.008,0.006,762.0,748.0,1.0
mu[299],0.971,0.114,0.752,1.188,0.004,0.003,674.0,795.0,1.0
mu[300],0.873,0.119,0.661,1.119,0.004,0.003,773.0,835.0,1.01
mu[301],0.854,0.098,0.661,1.043,0.004,0.003,749.0,688.0,1.0
mu[302],1.216,0.147,0.957,1.54,0.005,0.004,787.0,754.0,1.0
mu[303],2.545,0.286,2.032,3.131,0.01,0.007,792.0,812.0,1.0
mu[304],1.114,0.154,0.812,1.407,0.006,0.004,710.0,825.0,1.01
mu[305],2.02,0.219,1.647,2.498,0.009,0.006,655.0,750.0,1.01
mu[306],0.795,0.078,0.64,0.942,0.003,0.002,757.0,732.0,1.01
mu[307],0.917,0.097,0.734,1.111,0.003,0.003,782.0,701.0,1.01
mu[308],0.119,0.025,0.072,0.17,0.001,0.001,848.0,775.0,1.0
mu[309],0.958,0.144,0.689,1.231,0.005,0.004,796.0,664.0,1.0
mu[310],0.13,0.027,0.082,0.184,0.001,0.001,948.0,770.0,1.0
mu[311],0.795,0.078,0.64,0.942,0.003,0.002,757.0,732.0,1.01
mu[312],2.315,0.318,1.725,2.964,0.011,0.009,830.0,741.0,1.0
mu[313],0.937,0.134,0.691,1.199,0.005,0.003,834.0,816.0,1.0
mu[314],2.545,0.286,2.032,3.131,0.01,0.007,792.0,812.0,1.0
mu[315],0.11,0.023,0.068,0.154,0.001,0.001,818.0,811.0,1.01
mu[316],0.912,0.123,0.708,1.191,0.004,0.004,759.0,774.0,1.0
mu[317],0.13,0.027,0.082,0.184,0.001,0.001,948.0,770.0,1.0
mu[318],0.854,0.098,0.661,1.043,0.004,0.003,749.0,688.0,1.0
mu[319],0.995,0.159,0.688,1.311,0.006,0.004,735.0,737.0,1.0
mu[320],1.188,0.18,0.842,1.523,0.007,0.005,659.0,799.0,1.01
mu[321],0.127,0.029,0.073,0.182,0.001,0.001,832.0,711.0,1.0
mu[322],0.98,0.113,0.758,1.204,0.004,0.003,740.0,699.0,1.01
mu[323],1.277,0.171,0.939,1.595,0.006,0.004,868.0,815.0,1.0
mu[324],0.795,0.078,0.64,0.942,0.003,0.002,757.0,732.0,1.01
mu[325],0.98,0.145,0.717,1.277,0.005,0.004,859.0,642.0,1.0
mu[326],0.854,0.098,0.661,1.043,0.004,0.003,749.0,688.0,1.0
mu[327],2.216,0.305,1.584,2.772,0.011,0.008,824.0,719.0,1.01
mu[328],0.827,0.094,0.623,0.995,0.004,0.003,640.0,593.0,1.01
mu[329],0.134,0.029,0.084,0.193,0.001,0.001,845.0,750.0,1.0
mu[330],0.121,0.028,0.073,0.176,0.001,0.001,870.0,769.0,1.0
mu[331],0.116,0.026,0.068,0.164,0.001,0.001,876.0,810.0,1.0
mu[332],0.13,0.03,0.076,0.19,0.001,0.001,917.0,743.0,1.01
mu[333],2.315,0.318,1.725,2.964,0.011,0.009,830.0,741.0,1.0
mu[334],2.169,0.253,1.707,2.696,0.01,0.007,691.0,648.0,1.0
mu[335],0.917,0.097,0.734,1.111,0.003,0.003,782.0,701.0,1.01
mu[336],2.378,0.331,1.756,3.049,0.012,0.009,782.0,812.0,1.01
mu[337],0.933,0.09,0.766,1.108,0.003,0.002,836.0,565.0,1.0
mu[338],0.795,0.078,0.64,0.942,0.003,0.002,757.0,732.0,1.01
mu[339],1.138,0.181,0.781,1.478,0.007,0.005,677.0,721.0,1.01
mu[340],0.795,0.078,0.64,0.942,0.003,0.002,757.0,732.0,1.01
mu[341],0.795,0.078,0.64,0.942,0.003,0.002,757.0,732.0,1.01
mu[342],1.0,0.131,0.762,1.27,0.005,0.003,735.0,682.0,1.0
mu[343],1.188,0.18,0.842,1.523,0.007,0.005,659.0,799.0,1.01
mu[344],0.13,0.027,0.082,0.184,0.001,0.001,948.0,770.0,1.0
mu[345],1.307,0.173,0.977,1.624,0.006,0.004,883.0,762.0,1.0
mu[346],0.13,0.027,0.082,0.184,0.001,0.001,948.0,770.0,1.0
mu[347],0.971,0.114,0.752,1.188,0.004,0.003,674.0,795.0,1.0
mu[348],0.98,0.113,0.758,1.204,0.004,0.003,740.0,699.0,1.01
mu[349],0.795,0.078,0.64,0.942,0.003,0.002,757.0,732.0,1.01
mu[350],0.121,0.028,0.073,0.176,0.001,0.001,870.0,769.0,1.0
mu[351],0.912,0.123,0.708,1.191,0.004,0.004,759.0,774.0,1.0
mu[352],0.933,0.09,0.766,1.108,0.003,0.002,836.0,565.0,1.0
mu[353],0.933,0.09,0.766,1.108,0.003,0.002,836.0,565.0,1.0
mu[354],2.02,0.219,1.647,2.498,0.009,0.006,655.0,750.0,1.01
mu[355],0.954,0.117,0.737,1.162,0.004,0.003,769.0,691.0,1.0
mu[356],0.954,0.117,0.737,1.162,0.004,0.003,769.0,691.0,1.0
mu[357],2.37,0.243,1.912,2.829,0.009,0.006,764.0,772.0,1.0
mu[358],1.254,0.175,0.922,1.596,0.006,0.005,837.0,708.0,1.01
mu[359],2.501,0.304,1.941,3.107,0.011,0.007,712.0,774.0,1.0
mu[360],2.02,0.219,1.647,2.498,0.009,0.006,655.0,750.0,1.01
mu[361],0.962,0.11,0.757,1.182,0.004,0.003,772.0,788.0,1.01
mu[362],1.114,0.154,0.812,1.407,0.006,0.004,710.0,825.0,1.01
mu[363],1.037,0.133,0.799,1.306,0.005,0.004,757.0,856.0,1.02
mu[364],1.254,0.175,0.922,1.596,0.006,0.005,837.0,708.0,1.01
mu[365],0.795,0.078,0.64,0.942,0.003,0.002,757.0,732.0,1.01
mu[366],0.13,0.027,0.082,0.184,0.001,0.001,948.0,770.0,1.0
mu[367],0.134,0.029,0.084,0.193,0.001,0.001,845.0,750.0,1.0
mu[368],1.307,0.173,0.977,1.624,0.006,0.004,883.0,762.0,1.0
mu[369],0.98,0.145,0.717,1.277,0.005,0.004,859.0,642.0,1.0
mu[370],0.971,0.114,0.752,1.188,0.004,0.003,674.0,795.0,1.0
mu[371],0.933,0.09,0.766,1.108,0.003,0.002,836.0,565.0,1.0
mu[372],1.216,0.147,0.957,1.54,0.005,0.004,787.0,754.0,1.0
mu[373],0.873,0.119,0.661,1.119,0.004,0.003,773.0,835.0,1.01
mu[374],0.795,0.078,0.64,0.942,0.003,0.002,757.0,732.0,1.01
mu[375],0.932,0.194,0.603,1.344,0.007,0.005,789.0,812.0,1.0
mu[376],2.545,0.286,2.032,3.131,0.01,0.007,792.0,812.0,1.0
mu[377],0.873,0.119,0.661,1.119,0.004,0.003,773.0,835.0,1.01
mu[378],0.127,0.027,0.077,0.183,0.001,0.001,844.0,732.0,1.0
mu[379],0.873,0.119,0.661,1.119,0.004,0.003,773.0,835.0,1.01
mu[380],2.489,0.302,1.85,3.028,0.011,0.009,734.0,589.0,1.01
mu[381],0.962,0.11,0.757,1.182,0.004,0.003,772.0,788.0,1.01
mu[382],0.948,0.137,0.705,1.22,0.005,0.004,705.0,804.0,1.0
mu[383],0.916,0.136,0.663,1.181,0.005,0.004,692.0,778.0,1.01
mu[384],0.795,0.078,0.64,0.942,0.003,0.002,757.0,732.0,1.01
mu[385],0.971,0.114,0.752,1.188,0.004,0.003,674.0,795.0,1.0
mu[386],0.912,0.123,0.708,1.191,0.004,0.004,759.0,774.0,1.0
mu[387],1.254,0.175,0.922,1.596,0.006,0.005,837.0,708.0,1.01
mu[388],0.11,0.023,0.068,0.154,0.001,0.001,818.0,811.0,1.01
mu[389],1.216,0.147,0.957,1.54,0.005,0.004,787.0,754.0,1.0
mu[390],0.971,0.114,0.752,1.188,0.004,0.003,674.0,795.0,1.0
mu[391],1.003,0.114,0.801,1.238,0.004,0.003,977.0,770.0,1.0
mu[392],0.827,0.094,0.623,0.995,0.004,0.003,640.0,593.0,1.01
mu[393],0.127,0.029,0.073,0.182,0.001,0.001,832.0,711.0,1.0
mu[394],0.954,0.117,0.737,1.162,0.004,0.003,769.0,691.0,1.0
mu[395],1.277,0.171,0.939,1.595,0.006,0.004,868.0,815.0,1.0
mu[396],0.121,0.028,0.073,0.176,0.001,0.001,870.0,769.0,1.0
mu[397],0.136,0.032,0.079,0.195,0.001,0.001,888.0,700.0,1.0
mu[398],0.908,0.142,0.661,1.203,0.005,0.004,677.0,814.0,1.0
mu[399],0.13,0.027,0.082,0.184,0.001,0.001,948.0,770.0,1.0
mu[400],2.02,0.219,1.647,2.498,0.009,0.006,655.0,750.0,1.01
mu[401],0.127,0.027,0.077,0.183,0.001,0.001,844.0,732.0,1.0
mu[402],0.795,0.078,0.64,0.942,0.003,0.002,757.0,732.0,1.01
mu[403],0.795,0.078,0.64,0.942,0.003,0.002,757.0,732.0,1.01
mu[404],0.795,0.078,0.64,0.942,0.003,0.002,757.0,732.0,1.01
mu[405],0.917,0.097,0.734,1.111,0.003,0.003,782.0,701.0,1.01
mu[406],1.003,0.114,0.801,1.238,0.004,0.003,977.0,770.0,1.0
mu[407],0.933,0.09,0.766,1.108,0.003,0.002,836.0,565.0,1.0
mu[408],0.795,0.078,0.64,0.942,0.003,0.002,757.0,732.0,1.01
mu[409],0.937,0.134,0.691,1.199,0.005,0.003,834.0,816.0,1.0
mu[410],0.917,0.097,0.734,1.111,0.003,0.003,782.0,701.0,1.01
mu[411],0.827,0.094,0.623,0.995,0.004,0.003,640.0,593.0,1.01
mu[412],0.139,0.029,0.087,0.2,0.001,0.001,1023.0,715.0,1.0
mu[413],0.13,0.027,0.082,0.184,0.001,0.001,948.0,770.0,1.0
mu[414],1.003,0.114,0.801,1.238,0.004,0.003,977.0,770.0,1.0
mu[415],0.127,0.027,0.077,0.183,0.001,0.001,844.0,732.0,1.0
mu[416],0.835,0.101,0.67,1.045,0.003,0.002,816.0,771.0,1.01
mu[417],2.37,0.243,1.912,2.829,0.009,0.006,764.0,772.0,1.0
mu[418],2.37,0.243,1.912,2.829,0.009,0.006,764.0,772.0,1.0
mu[419],2.444,0.302,1.863,3.03,0.011,0.007,793.0,761.0,1.0
mu[420],0.917,0.097,0.734,1.111,0.003,0.003,782.0,701.0,1.01
mu[421],0.127,0.027,0.077,0.183,0.001,0.001,844.0,732.0,1.0
mu[422],0.98,0.113,0.758,1.204,0.004,0.003,740.0,699.0,1.01
mu[423],0.127,0.027,0.077,0.183,0.001,0.001,844.0,732.0,1.0
mu[424],0.954,0.117,0.737,1.162,0.004,0.003,769.0,691.0,1.0
mu[425],1.222,0.198,0.907,1.68,0.007,0.005,714.0,718.0,1.01
mu[426],0.873,0.119,0.661,1.119,0.004,0.003,773.0,835.0,1.01
mu[427],0.917,0.097,0.734,1.111,0.003,0.003,782.0,701.0,1.01
mu[428],0.954,0.117,0.737,1.162,0.004,0.003,769.0,691.0,1.0
mu[429],0.121,0.028,0.073,0.176,0.001,0.001,870.0,769.0,1.0
mu[430],1.019,0.136,0.735,1.263,0.005,0.004,659.0,685.0,1.0
mu[431],2.501,0.304,1.941,3.107,0.011,0.007,712.0,774.0,1.0
mu[432],2.432,0.377,1.667,3.19,0.013,0.011,815.0,727.0,1.0
mu[433],0.13,0.027,0.082,0.184,0.001,0.001,948.0,770.0,1.0
mu[434],2.326,0.349,1.678,3.013,0.013,0.009,773.0,809.0,1.0
mu[435],0.827,0.094,0.623,0.995,0.004,0.003,640.0,593.0,1.01
mu[436],0.933,0.09,0.766,1.108,0.003,0.002,836.0,565.0,1.0
mu[437],0.908,0.142,0.661,1.203,0.005,0.004,677.0,814.0,1.0
mu[438],0.795,0.078,0.64,0.942,0.003,0.002,757.0,732.0,1.01
mu[439],0.835,0.101,0.67,1.045,0.003,0.002,816.0,771.0,1.01
mu[440],2.501,0.304,1.941,3.107,0.011,0.007,712.0,774.0,1.0
mu[441],1.019,0.136,0.735,1.263,0.005,0.004,659.0,685.0,1.0
mu[442],2.37,0.243,1.912,2.829,0.009,0.006,764.0,772.0,1.0
mu[443],0.917,0.097,0.734,1.111,0.003,0.003,782.0,701.0,1.01
mu[444],0.954,0.117,0.737,1.162,0.004,0.003,769.0,691.0,1.0
mu[445],0.954,0.117,0.737,1.162,0.004,0.003,769.0,691.0,1.0
mu[446],1.196,0.161,0.899,1.496,0.006,0.004,689.0,759.0,1.01
mu[447],0.127,0.03,0.072,0.188,0.001,0.001,865.0,804.0,1.0
mu[448],0.127,0.027,0.077,0.183,0.001,0.001,844.0,732.0,1.0
mu[449],0.13,0.027,0.082,0.184,0.001,0.001,948.0,770.0,1.0
mu[450],1.285,0.185,0.95,1.63,0.007,0.005,739.0,857.0,1.0
mu[451],1.003,0.114,0.801,1.238,0.004,0.003,977.0,770.0,1.0
mu[452],1.003,0.114,0.801,1.238,0.004,0.003,977.0,770.0,1.0
mu[453],0.971,0.114,0.752,1.188,0.004,0.003,674.0,795.0,1.0
mu[454],1.277,0.171,0.939,1.595,0.006,0.004,868.0,815.0,1.0
mu[455],1.003,0.114,0.801,1.238,0.004,0.003,977.0,770.0,1.0
mu[456],0.827,0.094,0.623,0.995,0.004,0.003,640.0,593.0,1.01
mu[457],0.912,0.123,0.708,1.191,0.004,0.004,759.0,774.0,1.0
mu[458],1.216,0.147,0.957,1.54,0.005,0.004,787.0,754.0,1.0
mu[459],0.137,0.03,0.082,0.2,0.001,0.001,861.0,623.0,1.0
mu[460],2.33,0.265,1.86,2.852,0.009,0.006,814.0,678.0,1.0
mu[461],0.948,0.137,0.705,1.22,0.005,0.004,705.0,804.0,1.0
mu[462],0.119,0.025,0.072,0.17,0.001,0.001,848.0,775.0,1.0
mu[463],0.827,0.094,0.623,0.995,0.004,0.003,640.0,593.0,1.01
mu[464],0.98,0.145,0.717,1.277,0.005,0.004,859.0,642.0,1.0
mu[465],0.136,0.029,0.088,0.197,0.001,0.001,912.0,734.0,1.0
mu[466],2.02,0.219,1.647,2.498,0.009,0.006,655.0,750.0,1.01
mu[467],1.025,0.138,0.77,1.279,0.005,0.003,746.0,819.0,1.0
mu[468],0.13,0.027,0.082,0.184,0.001,0.001,948.0,770.0,1.0
mu[469],0.937,0.134,0.691,1.199,0.005,0.003,834.0,816.0,1.0
mu[470],1.043,0.137,0.796,1.324,0.005,0.004,819.0,860.0,1.0
mu[471],0.854,0.098,0.661,1.043,0.004,0.003,749.0,688.0,1.0
mu[472],0.11,0.023,0.068,0.154,0.001,0.001,818.0,811.0,1.01
mu[473],1.018,0.158,0.714,1.324,0.006,0.004,741.0,737.0,1.0
mu[474],0.13,0.027,0.082,0.184,0.001,0.001,948.0,770.0,1.0
mu[475],0.917,0.097,0.734,1.111,0.003,0.003,782.0,701.0,1.01
mu[476],0.795,0.078,0.64,0.942,0.003,0.002,757.0,732.0,1.01
mu[477],1.188,0.18,0.842,1.523,0.007,0.005,659.0,799.0,1.01
mu[478],2.315,0.318,1.725,2.964,0.011,0.009,830.0,741.0,1.0
mu[479],2.169,0.253,1.707,2.696,0.01,0.007,691.0,648.0,1.0
mu[480],0.121,0.028,0.073,0.176,0.001,0.001,870.0,769.0,1.0
mu[481],0.937,0.134,0.691,1.199,0.005,0.003,834.0,816.0,1.0
mu[482],2.444,0.302,1.863,3.03,0.011,0.007,793.0,761.0,1.0
mu[483],2.02,0.219,1.647,2.498,0.009,0.006,655.0,750.0,1.01
mu[484],0.985,0.119,0.789,1.243,0.004,0.003,794.0,815.0,1.0
mu[485],0.917,0.097,0.734,1.111,0.003,0.003,782.0,701.0,1.01
mu[486],0.827,0.094,0.623,0.995,0.004,0.003,640.0,593.0,1.01
mu[487],0.954,0.117,0.737,1.162,0.004,0.003,769.0,691.0,1.0
mu[488],0.962,0.11,0.757,1.182,0.004,0.003,772.0,788.0,1.01
mu[489],0.971,0.114,0.752,1.188,0.004,0.003,674.0,795.0,1.0
mu[490],2.216,0.305,1.584,2.772,0.011,0.008,824.0,719.0,1.01
mu[491],1.0,0.131,0.762,1.27,0.005,0.003,735.0,682.0,1.0
mu[492],0.917,0.097,0.734,1.111,0.003,0.003,782.0,701.0,1.01
mu[493],0.835,0.101,0.67,1.045,0.003,0.002,816.0,771.0,1.01
mu[494],0.795,0.078,0.64,0.942,0.003,0.002,757.0,732.0,1.01
mu[495],2.378,0.331,1.756,3.049,0.012,0.009,782.0,812.0,1.01
mu[496],2.02,0.219,1.647,2.498,0.009,0.006,655.0,750.0,1.01
mu[497],1.216,0.147,0.957,1.54,0.005,0.004,787.0,754.0,1.0
mu[498],1.188,0.18,0.842,1.523,0.007,0.005,659.0,799.0,1.01
mu[499],0.854,0.098,0.661,1.043,0.004,0.003,749.0,688.0,1.0
mu[500],1.089,0.156,0.804,1.414,0.005,0.004,865.0,856.0,1.01
mu[501],0.11,0.023,0.068,0.154,0.001,0.001,818.0,811.0,1.01
mu[502],1.094,0.228,0.645,1.516,0.008,0.006,812.0,746.0,1.0
mu[503],0.948,0.137,0.705,1.22,0.005,0.004,705.0,804.0,1.0
mu[504],1.003,0.114,0.801,1.238,0.004,0.003,977.0,770.0,1.0
mu[505],0.917,0.097,0.734,1.111,0.003,0.003,782.0,701.0,1.01
mu[506],2.216,0.305,1.584,2.772,0.011,0.008,824.0,719.0,1.01
mu[507],0.868,0.116,0.644,1.104,0.004,0.003,747.0,734.0,1.0
mu[508],1.285,0.185,0.95,1.63,0.007,0.005,739.0,857.0,1.0
mu[509],1.025,0.138,0.77,1.279,0.005,0.003,746.0,819.0,1.0
mu[510],0.854,0.098,0.661,1.043,0.004,0.003,749.0,688.0,1.0
mu[511],0.119,0.025,0.072,0.17,0.001,0.001,848.0,775.0,1.0
mu[512],0.11,0.023,0.068,0.154,0.001,0.001,818.0,811.0,1.01
mu[513],0.985,0.119,0.789,1.243,0.004,0.003,794.0,815.0,1.0
mu[514],1.188,0.18,0.842,1.523,0.007,0.005,659.0,799.0,1.01
mu[515],0.954,0.117,0.737,1.162,0.004,0.003,769.0,691.0,1.0
mu[516],0.854,0.098,0.661,1.043,0.004,0.003,749.0,688.0,1.0
mu[517],1.196,0.161,0.899,1.496,0.006,0.004,689.0,759.0,1.01
mu[518],0.933,0.09,0.766,1.108,0.003,0.002,836.0,565.0,1.0
mu[519],0.954,0.117,0.737,1.162,0.004,0.003,769.0,691.0,1.0
mu[520],0.11,0.023,0.068,0.154,0.001,0.001,818.0,811.0,1.01
mu[521],0.795,0.078,0.64,0.942,0.003,0.002,757.0,732.0,1.01
mu[522],0.136,0.032,0.079,0.195,0.001,0.001,888.0,700.0,1.0
mu[523],0.121,0.028,0.073,0.176,0.001,0.001,870.0,769.0,1.0
mu[524],0.954,0.117,0.737,1.162,0.004,0.003,769.0,691.0,1.0
mu[525],0.835,0.101,0.67,1.045,0.003,0.002,816.0,771.0,1.01
mu[526],2.02,0.219,1.647,2.498,0.009,0.006,655.0,750.0,1.01
mu[527],0.827,0.094,0.623,0.995,0.004,0.003,640.0,593.0,1.01
mu[528],0.827,0.094,0.623,0.995,0.004,0.003,640.0,593.0,1.01
mu[529],0.933,0.09,0.766,1.108,0.003,0.002,836.0,565.0,1.0
mu[530],2.501,0.304,1.941,3.107,0.011,0.007,712.0,774.0,1.0
mu[531],0.933,0.09,0.766,1.108,0.003,0.002,836.0,565.0,1.0
mu[532],0.127,0.027,0.077,0.183,0.001,0.001,844.0,732.0,1.0
mu[533],0.11,0.023,0.068,0.154,0.001,0.001,818.0,811.0,1.01
mu[534],1.216,0.147,0.957,1.54,0.005,0.004,787.0,754.0,1.0
mu[535],0.868,0.116,0.644,1.104,0.004,0.003,747.0,734.0,1.0
mu[536],0.958,0.144,0.689,1.231,0.005,0.004,796.0,664.0,1.0
mu[537],0.11,0.023,0.068,0.154,0.001,0.001,818.0,811.0,1.01
mu[538],0.985,0.119,0.789,1.243,0.004,0.003,794.0,815.0,1.0
mu[539],0.912,0.123,0.708,1.191,0.004,0.004,759.0,774.0,1.0
mu[540],2.315,0.318,1.725,2.964,0.011,0.009,830.0,741.0,1.0
mu[541],1.025,0.138,0.77,1.279,0.005,0.003,746.0,819.0,1.0
mu[542],0.888,0.112,0.686,1.116,0.004,0.003,700.0,774.0,1.0
mu[543],0.13,0.027,0.082,0.184,0.001,0.001,948.0,770.0,1.0
mu[544],2.315,0.318,1.725,2.964,0.011,0.009,830.0,741.0,1.0
mu[545],0.917,0.097,0.734,1.111,0.003,0.003,782.0,701.0,1.01
mu[546],0.916,0.136,0.663,1.181,0.005,0.004,692.0,778.0,1.01
mu[547],2.02,0.219,1.647,2.498,0.009,0.006,655.0,750.0,1.01
mu[548],0.98,0.145,0.717,1.277,0.005,0.004,859.0,642.0,1.0
mu[549],1.307,0.173,0.977,1.624,0.006,0.004,883.0,762.0,1.0
mu[550],0.127,0.027,0.077,0.183,0.001,0.001,844.0,732.0,1.0
mu[551],0.13,0.03,0.076,0.19,0.001,0.001,917.0,743.0,1.01
mu[552],1.037,0.133,0.799,1.306,0.005,0.004,757.0,856.0,1.02
mu[553],1.089,0.156,0.804,1.414,0.005,0.004,865.0,856.0,1.01
mu[554],0.948,0.137,0.705,1.22,0.005,0.004,705.0,804.0,1.0
mu[555],2.486,0.36,1.852,3.256,0.013,0.01,826.0,775.0,1.0
mu[556],2.02,0.219,1.647,2.498,0.009,0.006,655.0,750.0,1.01
mu[557],0.971,0.114,0.752,1.188,0.004,0.003,674.0,795.0,1.0
mu[558],0.933,0.09,0.766,1.108,0.003,0.002,836.0,565.0,1.0
mu[559],0.98,0.145,0.717,1.277,0.005,0.004,859.0,642.0,1.0
mu[560],0.11,0.023,0.068,0.154,0.001,0.001,818.0,811.0,1.01
mu[561],0.98,0.113,0.758,1.204,0.004,0.003,740.0,699.0,1.01
mu[562],2.216,0.305,1.584,2.772,0.011,0.008,824.0,719.0,1.01
mu[563],2.37,0.243,1.912,2.829,0.009,0.006,764.0,772.0,1.0
mu[564],0.134,0.029,0.084,0.193,0.001,0.001,845.0,750.0,1.0
mu[565],0.795,0.078,0.64,0.942,0.003,0.002,757.0,732.0,1.01
mu[566],0.795,0.078,0.64,0.942,0.003,0.002,757.0,732.0,1.01
mu[567],0.119,0.025,0.072,0.17,0.001,0.001,848.0,775.0,1.0
mu[568],0.908,0.142,0.661,1.203,0.005,0.004,677.0,814.0,1.0
mu[569],0.134,0.029,0.084,0.193,0.001,0.001,845.0,750.0,1.0
mu[570],2.378,0.331,1.756,3.049,0.012,0.009,782.0,812.0,1.01
mu[571],1.089,0.156,0.804,1.414,0.005,0.004,865.0,856.0,1.01
mu[572],0.13,0.03,0.076,0.19,0.001,0.001,917.0,743.0,1.01
mu[573],1.018,0.158,0.714,1.324,0.006,0.004,741.0,737.0,1.0
mu[574],2.37,0.243,1.912,2.829,0.009,0.006,764.0,772.0,1.0
mu[575],1.001,0.214,0.591,1.409,0.008,0.006,717.0,749.0,1.0
mu[576],1.068,0.237,0.644,1.556,0.009,0.006,735.0,779.0,1.0
mu[577],1.196,0.161,0.899,1.496,0.006,0.004,689.0,759.0,1.01
mu[578],0.795,0.078,0.64,0.942,0.003,0.002,757.0,732.0,1.01
mu[579],0.795,0.078,0.64,0.942,0.003,0.002,757.0,732.0,1.01
mu[580],0.933,0.09,0.766,1.108,0.003,0.002,836.0,565.0,1.0
mu[581],1.216,0.147,0.957,1.54,0.005,0.004,787.0,754.0,1.0
mu[582],2.545,0.286,2.032,3.131,0.01,0.007,792.0,812.0,1.0
mu[583],0.127,0.03,0.072,0.188,0.001,0.001,865.0,804.0,1.0
mu[584],0.917,0.097,0.734,1.111,0.003,0.003,782.0,701.0,1.01
mu[585],0.932,0.194,0.603,1.344,0.007,0.005,789.0,812.0,1.0
mu[586],0.116,0.026,0.068,0.164,0.001,0.001,876.0,810.0,1.0
mu[587],0.971,0.114,0.752,1.188,0.004,0.003,674.0,795.0,1.0
mu[588],1.277,0.171,0.939,1.595,0.006,0.004,868.0,815.0,1.0
mu[589],2.444,0.302,1.863,3.03,0.011,0.007,793.0,761.0,1.0
mu[590],0.917,0.097,0.734,1.111,0.003,0.003,782.0,701.0,1.01
mu[591],1.0,0.131,0.762,1.27,0.005,0.003,735.0,682.0,1.0
mu[592],0.971,0.114,0.752,1.188,0.004,0.003,674.0,795.0,1.0
mu[593],0.962,0.11,0.757,1.182,0.004,0.003,772.0,788.0,1.01
mu[594],1.001,0.214,0.591,1.409,0.008,0.006,717.0,749.0,1.0
mu[595],0.127,0.027,0.077,0.183,0.001,0.001,844.0,732.0,1.0
mu[596],0.127,0.027,0.077,0.183,0.001,0.001,844.0,732.0,1.0
mu[597],1.216,0.147,0.957,1.54,0.005,0.004,787.0,754.0,1.0
mu[598],0.868,0.116,0.644,1.104,0.004,0.003,747.0,734.0,1.0
mu[599],1.307,0.173,0.977,1.624,0.006,0.004,883.0,762.0,1.0
mu[600],1.222,0.198,0.907,1.68,0.007,0.005,714.0,718.0,1.01
mu[601],0.971,0.114,0.752,1.188,0.004,0.003,674.0,795.0,1.0
mu[602],0.932,0.194,0.603,1.344,0.007,0.005,789.0,812.0,1.0
mu[603],1.019,0.136,0.735,1.263,0.005,0.004,659.0,685.0,1.0
mu[604],0.127,0.027,0.077,0.183,0.001,0.001,844.0,732.0,1.0
mu[605],0.912,0.123,0.708,1.191,0.004,0.004,759.0,774.0,1.0
mu[606],0.13,0.027,0.082,0.184,0.001,0.001,948.0,770.0,1.0
mu[607],0.933,0.09,0.766,1.108,0.003,0.002,836.0,565.0,1.0
mu[608],1.043,0.137,0.796,1.324,0.005,0.004,819.0,860.0,1.0
mu[609],2.02,0.219,1.647,2.498,0.009,0.006,655.0,750.0,1.01
mu[610],0.975,0.157,0.672,1.281,0.006,0.004,794.0,817.0,1.0
mu[611],0.827,0.094,0.623,0.995,0.004,0.003,640.0,593.0,1.01
mu[612],1.307,0.173,0.977,1.624,0.006,0.004,883.0,762.0,1.0
mu[613],1.003,0.114,0.801,1.238,0.004,0.003,977.0,770.0,1.0
mu[614],0.13,0.027,0.082,0.184,0.001,0.001,948.0,770.0,1.0
mu[615],1.138,0.181,0.781,1.478,0.007,0.005,677.0,721.0,1.01
mu[616],0.137,0.03,0.082,0.2,0.001,0.001,861.0,623.0,1.0
mu[617],0.127,0.029,0.073,0.182,0.001,0.001,832.0,711.0,1.0
mu[618],0.795,0.078,0.64,0.942,0.003,0.002,757.0,732.0,1.01
mu[619],0.954,0.117,0.737,1.162,0.004,0.003,769.0,691.0,1.0
mu[620],2.545,0.286,2.032,3.131,0.01,0.007,792.0,812.0,1.0
mu[621],0.916,0.136,0.663,1.181,0.005,0.004,692.0,778.0,1.01
mu[622],0.908,0.142,0.661,1.203,0.005,0.004,677.0,814.0,1.0
mu[623],0.795,0.078,0.64,0.942,0.003,0.002,757.0,732.0,1.01
mu[624],0.121,0.028,0.073,0.176,0.001,0.001,870.0,769.0,1.0
mu[625],0.971,0.114,0.752,1.188,0.004,0.003,674.0,795.0,1.0
mu[626],1.003,0.114,0.801,1.238,0.004,0.003,977.0,770.0,1.0
mu[627],1.075,0.263,0.613,1.615,0.01,0.007,724.0,698.0,1.0
mu[628],0.127,0.03,0.072,0.188,0.001,0.001,865.0,804.0,1.0
mu[629],0.917,0.097,0.734,1.111,0.003,0.003,782.0,701.0,1.01
mu[630],0.937,0.134,0.691,1.199,0.005,0.003,834.0,816.0,1.0
mu[631],0.116,0.026,0.068,0.164,0.001,0.001,876.0,810.0,1.0
mu[632],1.216,0.147,0.957,1.54,0.005,0.004,787.0,754.0,1.0
mu[633],0.11,0.023,0.068,0.154,0.001,0.001,818.0,811.0,1.01
mu[634],0.795,0.078,0.64,0.942,0.003,0.002,757.0,732.0,1.01
mu[635],0.139,0.029,0.087,0.2,0.001,0.001,1023.0,715.0,1.0
mu[636],2.02,0.219,1.647,2.498,0.009,0.006,655.0,750.0,1.01
mu[637],0.868,0.116,0.644,1.104,0.004,0.003,747.0,734.0,1.0
mu[638],1.019,0.136,0.735,1.263,0.005,0.004,659.0,685.0,1.0
mu[639],0.13,0.027,0.082,0.184,0.001,0.001,948.0,770.0,1.0
mu[640],1.188,0.18,0.842,1.523,0.007,0.005,659.0,799.0,1.01
mu[641],0.98,0.113,0.758,1.204,0.004,0.003,740.0,699.0,1.01
mu[642],0.98,0.145,0.717,1.277,0.005,0.004,859.0,642.0,1.0
mu[643],0.134,0.029,0.084,0.193,0.001,0.001,845.0,750.0,1.0
mu[644],0.98,0.218,0.574,1.407,0.008,0.006,814.0,828.0,1.0
mu[645],1.216,0.147,0.957,1.54,0.005,0.004,787.0,754.0,1.0
mu[646],0.127,0.03,0.072,0.188,0.001,0.001,865.0,804.0,1.0
mu[647],2.169,0.253,1.707,2.696,0.01,0.007,691.0,648.0,1.0
mu[648],0.11,0.023,0.068,0.154,0.001,0.001,818.0,811.0,1.01
mu[649],0.962,0.11,0.757,1.182,0.004,0.003,772.0,788.0,1.01
mu[650],0.937,0.134,0.691,1.199,0.005,0.003,834.0,816.0,1.0
mu[651],0.888,0.112,0.686,1.116,0.004,0.003,700.0,774.0,1.0
mu[652],1.025,0.138,0.77,1.279,0.005,0.003,746.0,819.0,1.0
mu[653],0.854,0.098,0.661,1.043,0.004,0.003,749.0,688.0,1.0
mu[654],1.15,0.254,0.628,1.622,0.009,0.007,805.0,775.0,1.01
mu[655],1.196,0.161,0.899,1.496,0.006,0.004,689.0,759.0,1.01
mu[656],0.954,0.117,0.737,1.162,0.004,0.003,769.0,691.0,1.0
mu[657],1.003,0.114,0.801,1.238,0.004,0.003,977.0,770.0,1.0
mu[658],0.933,0.09,0.766,1.108,0.003,0.002,836.0,565.0,1.0
mu[659],0.119,0.025,0.072,0.17,0.001,0.001,848.0,775.0,1.0
mu[660],0.933,0.09,0.766,1.108,0.003,0.002,836.0,565.0,1.0
mu[661],0.121,0.028,0.073,0.176,0.001,0.001,870.0,769.0,1.0
mu[662],0.912,0.123,0.708,1.191,0.004,0.004,759.0,774.0,1.0
mu[663],0.933,0.09,0.766,1.108,0.003,0.002,836.0,565.0,1.0
mu[664],1.194,0.198,0.834,1.58,0.007,0.005,758.0,596.0,1.0
mu[665],0.795,0.078,0.64,0.942,0.003,0.002,757.0,732.0,1.01
mu[666],0.835,0.101,0.67,1.045,0.003,0.002,816.0,771.0,1.01
mu[667],0.954,0.117,0.737,1.162,0.004,0.003,769.0,691.0,1.0
mu[668],1.277,0.171,0.939,1.595,0.006,0.004,868.0,815.0,1.0
mu[669],0.873,0.119,0.661,1.119,0.004,0.003,773.0,835.0,1.01
mu[670],1.003,0.114,0.801,1.238,0.004,0.003,977.0,770.0,1.0
mu[671],1.019,0.136,0.735,1.263,0.005,0.004,659.0,685.0,1.0
mu[672],2.02,0.219,1.647,2.498,0.009,0.006,655.0,750.0,1.01
mu[673],0.932,0.194,0.603,1.344,0.007,0.005,789.0,812.0,1.0
mu[674],0.116,0.026,0.068,0.164,0.001,0.001,876.0,810.0,1.0
mu[675],2.545,0.286,2.032,3.131,0.01,0.007,792.0,812.0,1.0
mu[676],0.827,0.094,0.623,0.995,0.004,0.003,640.0,593.0,1.01
mu[677],2.37,0.243,1.912,2.829,0.009,0.006,764.0,772.0,1.0
mu[678],0.854,0.098,0.661,1.043,0.004,0.003,749.0,688.0,1.0
mu[679],0.835,0.101,0.67,1.045,0.003,0.002,816.0,771.0,1.01
mu[680],0.954,0.159,0.673,1.267,0.006,0.005,700.0,734.0,1.0
mu[681],0.868,0.116,0.644,1.104,0.004,0.003,747.0,734.0,1.0
mu[682],1.0,0.131,0.762,1.27,0.005,0.003,735.0,682.0,1.0
mu[683],0.116,0.026,0.068,0.164,0.001,0.001,876.0,810.0,1.0
mu[684],0.127,0.027,0.077,0.183,0.001,0.001,844.0,732.0,1.0
mu[685],0.933,0.09,0.766,1.108,0.003,0.002,836.0,565.0,1.0
mu[686],0.795,0.078,0.64,0.942,0.003,0.002,757.0,732.0,1.01
mu[687],0.119,0.025,0.072,0.17,0.001,0.001,848.0,775.0,1.0
mu[688],0.962,0.11,0.757,1.182,0.004,0.003,772.0,788.0,1.01
mu[689],0.954,0.117,0.737,1.162,0.004,0.003,769.0,691.0,1.0
mu[690],2.02,0.219,1.647,2.498,0.009,0.006,655.0,750.0,1.01
mu[691],0.795,0.078,0.64,0.942,0.003,0.002,757.0,732.0,1.01
mu[692],0.917,0.097,0.734,1.111,0.003,0.003,782.0,701.0,1.01
mu[693],0.933,0.09,0.766,1.108,0.003,0.002,836.0,565.0,1.0
mu[694],0.908,0.142,0.661,1.203,0.005,0.004,677.0,814.0,1.0
mu[695],0.827,0.094,0.623,0.995,0.004,0.003,640.0,593.0,1.01
mu[696],1.025,0.138,0.77,1.279,0.005,0.003,746.0,819.0,1.0
mu[697],0.827,0.094,0.623,0.995,0.004,0.003,640.0,593.0,1.01
mu[698],0.933,0.09,0.766,1.108,0.003,0.002,836.0,565.0,1.0
mu[699],0.127,0.029,0.073,0.182,0.001,0.001,832.0,711.0,1.0
mu[700],1.277,0.171,0.939,1.595,0.006,0.004,868.0,815.0,1.0
mu[701],0.937,0.134,0.691,1.199,0.005,0.003,834.0,816.0,1.0
mu[702],0.933,0.09,0.766,1.108,0.003,0.002,836.0,565.0,1.0
mu[703],0.795,0.078,0.64,0.942,0.003,0.002,757.0,732.0,1.01
mu[704],0.98,0.113,0.758,1.204,0.004,0.003,740.0,699.0,1.01
mu[705],0.119,0.025,0.072,0.17,0.001,0.001,848.0,775.0,1.0
mu[706],0.127,0.027,0.077,0.183,0.001,0.001,844.0,732.0,1.0
mu[707],0.954,0.159,0.673,1.267,0.006,0.005,700.0,734.0,1.0
mu[708],0.854,0.098,0.661,1.043,0.004,0.003,749.0,688.0,1.0
mu[709],0.917,0.097,0.734,1.111,0.003,0.003,782.0,701.0,1.01
mu[710],0.795,0.078,0.64,0.942,0.003,0.002,757.0,732.0,1.01
mu[711],1.114,0.154,0.812,1.407,0.006,0.004,710.0,825.0,1.01
mu[712],0.995,0.159,0.688,1.311,0.006,0.004,735.0,737.0,1.0
mu[713],2.489,0.302,1.85,3.028,0.011,0.009,734.0,589.0,1.01
mu[714],0.917,0.097,0.734,1.111,0.003,0.003,782.0,701.0,1.01
mu[715],1.003,0.114,0.801,1.238,0.004,0.003,977.0,770.0,1.0
mu[716],0.795,0.078,0.64,0.942,0.003,0.002,757.0,732.0,1.01
mu[717],1.019,0.136,0.735,1.263,0.005,0.004,659.0,685.0,1.0
mu[718],2.02,0.219,1.647,2.498,0.009,0.006,655.0,750.0,1.01
mu[719],0.119,0.025,0.072,0.17,0.001,0.001,848.0,775.0,1.0
mu[720],0.139,0.029,0.087,0.2,0.001,0.001,1023.0,715.0,1.0
mu[721],1.043,0.137,0.796,1.324,0.005,0.004,819.0,860.0,1.0
mu[722],0.13,0.027,0.082,0.184,0.001,0.001,948.0,770.0,1.0
mu[723],0.827,0.094,0.623,0.995,0.004,0.003,640.0,593.0,1.01
mu[724],0.912,0.123,0.708,1.191,0.004,0.004,759.0,774.0,1.0
mu[725],2.37,0.243,1.912,2.829,0.009,0.006,764.0,772.0,1.0
mu[726],0.933,0.09,0.766,1.108,0.003,0.002,836.0,565.0,1.0
mu[727],1.276,0.204,0.898,1.697,0.008,0.005,665.0,861.0,1.0
mu[728],0.985,0.119,0.789,1.243,0.004,0.003,794.0,815.0,1.0
mu[729],0.868,0.116,0.644,1.104,0.004,0.003,747.0,734.0,1.0
mu[730],2.37,0.243,1.912,2.829,0.009,0.006,764.0,772.0,1.0
mu[731],0.854,0.098,0.661,1.043,0.004,0.003,749.0,688.0,1.0
mu[732],0.933,0.09,0.766,1.108,0.003,0.002,836.0,565.0,1.0
mu[733],0.975,0.157,0.672,1.281,0.006,0.004,794.0,817.0,1.0
mu[734],2.37,0.243,1.912,2.829,0.009,0.006,764.0,772.0,1.0
mu[735],0.137,0.03,0.082,0.2,0.001,0.001,861.0,623.0,1.0
mu[736],0.888,0.112,0.686,1.116,0.004,0.003,700.0,774.0,1.0
mu[737],0.954,0.117,0.737,1.162,0.004,0.003,769.0,691.0,1.0
mu[738],0.98,0.113,0.758,1.204,0.004,0.003,740.0,699.0,1.01
mu[739],0.827,0.094,0.623,0.995,0.004,0.003,640.0,593.0,1.01
mu[740],1.003,0.114,0.801,1.238,0.004,0.003,977.0,770.0,1.0
mu[741],0.835,0.101,0.67,1.045,0.003,0.002,816.0,771.0,1.01
mu[742],2.33,0.265,1.86,2.852,0.009,0.006,814.0,678.0,1.0
mu[743],0.127,0.027,0.077,0.183,0.001,0.001,844.0,732.0,1.0
mu[744],0.933,0.09,0.766,1.108,0.003,0.002,836.0,565.0,1.0
mu[745],0.133,0.032,0.077,0.194,0.001,0.001,840.0,672.0,1.0
mu[746],1.188,0.18,0.842,1.523,0.007,0.005,659.0,799.0,1.01
mu[747],0.962,0.11,0.757,1.182,0.004,0.003,772.0,788.0,1.01
mu[748],2.37,0.243,1.912,2.829,0.009,0.006,764.0,772.0,1.0
mu[749],0.835,0.101,0.67,1.045,0.003,0.002,816.0,771.0,1.01
mu[750],1.019,0.136,0.735,1.263,0.005,0.004,659.0,685.0,1.0
mu[751],0.917,0.097,0.734,1.111,0.003,0.003,782.0,701.0,1.01
mu[752],0.985,0.119,0.789,1.243,0.004,0.003,794.0,815.0,1.0
mu[753],0.98,0.113,0.758,1.204,0.004,0.003,740.0,699.0,1.01
mu[754],0.948,0.137,0.705,1.22,0.005,0.004,705.0,804.0,1.0
mu[755],0.11,0.023,0.068,0.154,0.001,0.001,818.0,811.0,1.01
mu[756],0.11,0.023,0.068,0.154,0.001,0.001,818.0,811.0,1.01
mu[757],1.307,0.173,0.977,1.624,0.006,0.004,883.0,762.0,1.0
mu[758],0.11,0.023,0.068,0.154,0.001,0.001,818.0,811.0,1.01
mu[759],1.018,0.158,0.714,1.324,0.006,0.004,741.0,737.0,1.0
mu[760],0.912,0.123,0.708,1.191,0.004,0.004,759.0,774.0,1.0
mu[761],0.971,0.114,0.752,1.188,0.004,0.003,674.0,795.0,1.0
mu[762],0.933,0.09,0.766,1.108,0.003,0.002,836.0,565.0,1.0
mu[763],0.835,0.101,0.67,1.045,0.003,0.002,816.0,771.0,1.01
mu[764],0.954,0.117,0.737,1.162,0.004,0.003,769.0,691.0,1.0
mu[765],0.873,0.119,0.661,1.119,0.004,0.003,773.0,835.0,1.01
mu[766],1.025,0.138,0.77,1.279,0.005,0.003,746.0,819.0,1.0
mu[767],0.11,0.023,0.068,0.154,0.001,0.001,818.0,811.0,1.01
mu[768],0.119,0.025,0.072,0.17,0.001,0.001,848.0,775.0,1.0
mu[769],0.827,0.094,0.623,0.995,0.004,0.003,640.0,593.0,1.01
mu[770],2.33,0.265,1.86,2.852,0.009,0.006,814.0,678.0,1.0
mu[771],0.962,0.11,0.757,1.182,0.004,0.003,772.0,788.0,1.01
mu[772],0.133,0.032,0.077,0.194,0.001,0.001,840.0,672.0,1.0
mu[773],0.835,0.101,0.67,1.045,0.003,0.002,816.0,771.0,1.01
mu[774],1.277,0.171,0.939,1.595,0.006,0.004,868.0,815.0,1.0
mu[775],2.326,0.349,1.678,3.013,0.013,0.009,773.0,809.0,1.0
mu[776],0.975,0.157,0.672,1.281,0.006,0.004,794.0,817.0,1.0
mu[777],0.908,0.142,0.661,1.203,0.005,0.004,677.0,814.0,1.0
mu[778],1.222,0.198,0.907,1.68,0.007,0.005,714.0,718.0,1.01
mu[779],0.835,0.101,0.67,1.045,0.003,0.002,816.0,771.0,1.01
mu[780],1.003,0.114,0.801,1.238,0.004,0.003,977.0,770.0,1.0
mu[781],2.33,0.265,1.86,2.852,0.009,0.006,814.0,678.0,1.0
mu[782],0.136,0.029,0.088,0.197,0.001,0.001,912.0,734.0,1.0
mu[783],0.888,0.112,0.686,1.116,0.004,0.003,700.0,774.0,1.0
mu[784],0.854,0.098,0.661,1.043,0.004,0.003,749.0,688.0,1.0
mu[785],1.138,0.181,0.781,1.478,0.007,0.005,677.0,721.0,1.01
mu[786],0.917,0.097,0.734,1.111,0.003,0.003,782.0,701.0,1.01
mu[787],0.133,0.032,0.077,0.194,0.001,0.001,840.0,672.0,1.0
mu[788],2.33,0.265,1.86,2.852,0.009,0.006,814.0,678.0,1.0
mu[789],2.33,0.265,1.86,2.852,0.009,0.006,814.0,678.0,1.0
mu[790],0.127,0.027,0.077,0.183,0.001,0.001,844.0,732.0,1.0
mu[791],0.127,0.027,0.077,0.183,0.001,0.001,844.0,732.0,1.0
mu[792],0.958,0.144,0.689,1.231,0.005,0.004,796.0,664.0,1.0
mu[793],0.795,0.078,0.64,0.942,0.003,0.002,757.0,732.0,1.01
mu[794],1.001,0.214,0.591,1.409,0.008,0.006,717.0,749.0,1.0
mu[795],0.873,0.119,0.661,1.119,0.004,0.003,773.0,835.0,1.01
mu[796],0.912,0.123,0.708,1.191,0.004,0.004,759.0,774.0,1.0
mu[797],0.795,0.078,0.64,0.942,0.003,0.002,757.0,732.0,1.01
mu[798],0.916,0.136,0.663,1.181,0.005,0.004,692.0,778.0,1.01
mu[799],1.019,0.136,0.735,1.263,0.005,0.004,659.0,685.0,1.0
mu[800],2.486,0.36,1.852,3.256,0.013,0.01,826.0,775.0,1.0
mu[801],1.277,0.171,0.939,1.595,0.006,0.004,868.0,815.0,1.0
mu[802],2.545,0.286,2.032,3.131,0.01,0.007,792.0,812.0,1.0
mu[803],0.873,0.119,0.661,1.119,0.004,0.003,773.0,835.0,1.01
mu[804],0.827,0.094,0.623,0.995,0.004,0.003,640.0,593.0,1.01
mu[805],2.489,0.302,1.85,3.028,0.011,0.009,734.0,589.0,1.01
mu[806],0.11,0.023,0.068,0.154,0.001,0.001,818.0,811.0,1.01
mu[807],2.37,0.243,1.912,2.829,0.009,0.006,764.0,772.0,1.0
mu[808],1.114,0.154,0.812,1.407,0.006,0.004,710.0,825.0,1.01
mu[809],0.835,0.101,0.67,1.045,0.003,0.002,816.0,771.0,1.01
mu[810],0.13,0.027,0.082,0.184,0.001,0.001,948.0,770.0,1.0
mu[811],0.98,0.113,0.758,1.204,0.004,0.003,740.0,699.0,1.01
mu[812],0.139,0.029,0.087,0.2,0.001,0.001,1023.0,715.0,1.0
mu[813],0.971,0.114,0.752,1.188,0.004,0.003,674.0,795.0,1.0
mu[814],2.501,0.304,1.941,3.107,0.011,0.007,712.0,774.0,1.0
mu[815],2.378,0.331,1.756,3.049,0.012,0.009,782.0,812.0,1.01
mu[816],0.835,0.101,0.67,1.045,0.003,0.002,816.0,771.0,1.01
mu[817],0.827,0.094,0.623,0.995,0.004,0.003,640.0,593.0,1.01
mu[818],1.277,0.171,0.939,1.595,0.006,0.004,868.0,815.0,1.0
mu[819],0.795,0.078,0.64,0.942,0.003,0.002,757.0,732.0,1.01
mu[820],2.216,0.305,1.584,2.772,0.011,0.008,824.0,719.0,1.01
mu[821],0.795,0.078,0.64,0.942,0.003,0.002,757.0,732.0,1.01
mu[822],0.917,0.097,0.734,1.111,0.003,0.003,782.0,701.0,1.01
mu[823],2.216,0.305,1.584,2.772,0.011,0.008,824.0,719.0,1.01
mu[824],0.119,0.025,0.072,0.17,0.001,0.001,848.0,775.0,1.0
mu[825],0.873,0.119,0.661,1.119,0.004,0.003,773.0,835.0,1.01
mu[826],0.13,0.027,0.082,0.184,0.001,0.001,948.0,770.0,1.0
mu[827],2.326,0.349,1.678,3.013,0.013,0.009,773.0,809.0,1.0
mu[828],0.121,0.028,0.073,0.176,0.001,0.001,870.0,769.0,1.0
mu[829],0.127,0.027,0.077,0.183,0.001,0.001,844.0,732.0,1.0
mu[830],0.127,0.029,0.073,0.182,0.001,0.001,832.0,711.0,1.0
mu[831],0.873,0.119,0.661,1.119,0.004,0.003,773.0,835.0,1.01
mu[832],0.13,0.03,0.076,0.19,0.001,0.001,917.0,743.0,1.01
mu[833],0.11,0.023,0.068,0.154,0.001,0.001,818.0,811.0,1.01
mu[834],1.0,0.131,0.762,1.27,0.005,0.003,735.0,682.0,1.0
mu[835],0.873,0.119,0.661,1.119,0.004,0.003,773.0,835.0,1.01
mu[836],0.933,0.09,0.766,1.108,0.003,0.002,836.0,565.0,1.0
mu[837],0.11,0.023,0.068,0.154,0.001,0.001,818.0,811.0,1.01
mu[838],1.114,0.154,0.812,1.407,0.006,0.004,710.0,825.0,1.01
mu[839],0.11,0.023,0.068,0.154,0.001,0.001,818.0,811.0,1.01
mu[840],0.98,0.113,0.758,1.204,0.004,0.003,740.0,699.0,1.01
mu[841],0.954,0.117,0.737,1.162,0.004,0.003,769.0,691.0,1.0
mu[842],0.954,0.117,0.737,1.162,0.004,0.003,769.0,691.0,1.0
mu[843],0.11,0.023,0.068,0.154,0.001,0.001,818.0,811.0,1.01
mu[844],0.127,0.027,0.077,0.183,0.001,0.001,844.0,732.0,1.0
mu[845],0.139,0.029,0.087,0.2,0.001,0.001,1023.0,715.0,1.0
mu[846],1.216,0.147,0.957,1.54,0.005,0.004,787.0,754.0,1.0
mu[847],0.854,0.098,0.661,1.043,0.004,0.003,749.0,688.0,1.0
mu[848],0.13,0.027,0.082,0.184,0.001,0.001,948.0,770.0,1.0
mu[849],0.116,0.026,0.068,0.164,0.001,0.001,876.0,810.0,1.0
mu[850],2.444,0.302,1.863,3.03,0.011,0.007,793.0,761.0,1.0
mu[851],0.917,0.097,0.734,1.111,0.003,0.003,782.0,701.0,1.01
mu[852],0.137,0.03,0.082,0.2,0.001,0.001,861.0,623.0,1.0
mu[853],0.127,0.027,0.077,0.183,0.001,0.001,844.0,732.0,1.0
mu[854],0.835,0.101,0.67,1.045,0.003,0.002,816.0,771.0,1.01
mu[855],1.003,0.114,0.801,1.238,0.004,0.003,977.0,770.0,1.0
mu[856],0.917,0.097,0.734,1.111,0.003,0.003,782.0,701.0,1.01
mu[857],0.954,0.117,0.737,1.162,0.004,0.003,769.0,691.0,1.0
mu[858],0.827,0.094,0.623,0.995,0.004,0.003,640.0,593.0,1.01
mu[859],0.137,0.03,0.082,0.2,0.001,0.001,861.0,623.0,1.0
mu[860],0.933,0.09,0.766,1.108,0.003,0.002,836.0,565.0,1.0
mu[861],0.795,0.078,0.64,0.942,0.003,0.002,757.0,732.0,1.01
mu[862],1.003,0.114,0.801,1.238,0.004,0.003,977.0,770.0,1.0
mu[863],0.854,0.098,0.661,1.043,0.004,0.003,749.0,688.0,1.0
mu[864],0.98,0.145,0.717,1.277,0.005,0.004,859.0,642.0,1.0
mu[865],0.954,0.117,0.737,1.162,0.004,0.003,769.0,691.0,1.0
mu[866],2.37,0.243,1.912,2.829,0.009,0.006,764.0,772.0,1.0
mu[867],0.116,0.026,0.068,0.164,0.001,0.001,876.0,810.0,1.0
mu[868],2.37,0.243,1.912,2.829,0.009,0.006,764.0,772.0,1.0
mu[869],1.075,0.23,0.65,1.529,0.008,0.006,762.0,748.0,1.0
mu[870],0.917,0.097,0.734,1.111,0.003,0.003,782.0,701.0,1.01
mu[871],0.98,0.145,0.717,1.277,0.005,0.004,859.0,642.0,1.0
mu[872],2.545,0.286,2.032,3.131,0.01,0.007,792.0,812.0,1.0
mu[873],0.835,0.101,0.67,1.045,0.003,0.002,816.0,771.0,1.01
mu[874],0.139,0.029,0.087,0.2,0.001,0.001,1023.0,715.0,1.0
mu[875],0.962,0.11,0.757,1.182,0.004,0.003,772.0,788.0,1.01
mu[876],0.137,0.03,0.082,0.2,0.001,0.001,861.0,623.0,1.0
mu[877],1.094,0.228,0.645,1.516,0.008,0.006,812.0,746.0,1.0
mu[878],0.827,0.094,0.623,0.995,0.004,0.003,640.0,593.0,1.01
mu[879],1.094,0.228,0.645,1.516,0.008,0.006,812.0,746.0,1.0
mu[880],0.795,0.078,0.64,0.942,0.003,0.002,757.0,732.0,1.01
mu[881],1.15,0.254,0.628,1.622,0.009,0.007,805.0,775.0,1.01
mu[882],0.948,0.137,0.705,1.22,0.005,0.004,705.0,804.0,1.0
mu[883],0.11,0.023,0.068,0.154,0.001,0.001,818.0,811.0,1.01
mu[884],0.854,0.098,0.661,1.043,0.004,0.003,749.0,688.0,1.0
mu[885],1.307,0.173,0.977,1.624,0.006,0.004,883.0,762.0,1.0
mu[886],0.119,0.025,0.072,0.17,0.001,0.001,848.0,775.0,1.0
mu[887],1.216,0.147,0.957,1.54,0.005,0.004,787.0,754.0,1.0
mu[888],2.123,0.275,1.632,2.663,0.01,0.007,853.0,784.0,1.0
mu[889],0.873,0.119,0.661,1.119,0.004,0.003,773.0,835.0,1.01
mu[890],1.003,0.114,0.801,1.238,0.004,0.003,977.0,770.0,1.0
mu[891],2.216,0.305,1.584,2.772,0.011,0.008,824.0,719.0,1.01
mu[892],0.827,0.094,0.623,0.995,0.004,0.003,640.0,593.0,1.01
mu[893],0.873,0.119,0.661,1.119,0.004,0.003,773.0,835.0,1.01
mu[894],0.985,0.119,0.789,1.243,0.004,0.003,794.0,815.0,1.0
mu[895],0.933,0.09,0.766,1.108,0.003,0.002,836.0,565.0,1.0
mu[896],0.835,0.101,0.67,1.045,0.003,0.002,816.0,771.0,1.01
mu[897],2.37,0.243,1.912,2.829,0.009,0.006,764.0,772.0,1.0
mu[898],1.196,0.161,0.899,1.496,0.006,0.004,689.0,759.0,1.01
mu[899],1.003,0.114,0.801,1.238,0.004,0.003,977.0,770.0,1.0
mu[900],0.917,0.097,0.734,1.111,0.003,0.003,782.0,701.0,1.01
mu[901],0.127,0.027,0.077,0.183,0.001,0.001,844.0,732.0,1.0
mu[902],0.985,0.119,0.789,1.243,0.004,0.003,794.0,815.0,1.0
mu[903],0.795,0.078,0.64,0.942,0.003,0.002,757.0,732.0,1.01
mu[904],1.254,0.175,0.922,1.596,0.006,0.005,837.0,708.0,1.01
mu[905],0.933,0.09,0.766,1.108,0.003,0.002,836.0,565.0,1.0
mu[906],0.971,0.114,0.752,1.188,0.004,0.003,674.0,795.0,1.0
mu[907],0.854,0.098,0.661,1.043,0.004,0.003,749.0,688.0,1.0
mu[908],0.933,0.09,0.766,1.108,0.003,0.002,836.0,565.0,1.0
mu[909],0.933,0.09,0.766,1.108,0.003,0.002,836.0,565.0,1.0
mu[910],2.169,0.253,1.707,2.696,0.01,0.007,691.0,648.0,1.0
mu[911],2.37,0.243,1.912,2.829,0.009,0.006,764.0,772.0,1.0
mu[912],0.121,0.028,0.073,0.176,0.001,0.001,870.0,769.0,1.0
mu[913],0.11,0.023,0.068,0.154,0.001,0.001,818.0,811.0,1.01
mu[914],0.868,0.116,0.644,1.104,0.004,0.003,747.0,734.0,1.0
mu[915],0.962,0.11,0.757,1.182,0.004,0.003,772.0,788.0,1.01
mu[916],2.216,0.305,1.584,2.772,0.011,0.008,824.0,719.0,1.01
mu[917],2.02,0.219,1.647,2.498,0.009,0.006,655.0,750.0,1.01
mu[918],1.003,0.114,0.801,1.238,0.004,0.003,977.0,770.0,1.0
mu[919],0.962,0.11,0.757,1.182,0.004,0.003,772.0,788.0,1.01
mu[920],0.958,0.144,0.689,1.231,0.005,0.004,796.0,664.0,1.0
mu[921],0.795,0.078,0.64,0.942,0.003,0.002,757.0,732.0,1.01
mu[922],1.024,0.237,0.588,1.524,0.009,0.006,710.0,733.0,1.0
mu[923],2.33,0.265,1.86,2.852,0.009,0.006,814.0,678.0,1.0
mu[924],0.835,0.101,0.67,1.045,0.003,0.002,816.0,771.0,1.01
mu[925],0.917,0.097,0.734,1.111,0.003,0.003,782.0,701.0,1.01
mu[926],0.795,0.078,0.64,0.942,0.003,0.002,757.0,732.0,1.01
mu[927],1.196,0.161,0.899,1.496,0.006,0.004,689.0,759.0,1.01
mu[928],0.835,0.101,0.67,1.045,0.003,0.002,816.0,771.0,1.01
mu[929],0.795,0.078,0.64,0.942,0.003,0.002,757.0,732.0,1.01
mu[930],0.954,0.117,0.737,1.162,0.004,0.003,769.0,691.0,1.0
mu[931],0.119,0.025,0.072,0.17,0.001,0.001,848.0,775.0,1.0
mu[932],0.962,0.11,0.757,1.182,0.004,0.003,772.0,788.0,1.01
mu[933],1.043,0.137,0.796,1.324,0.005,0.004,819.0,860.0,1.0
mu[934],1.001,0.214,0.591,1.409,0.008,0.006,717.0,749.0,1.0
mu[935],2.02,0.219,1.647,2.498,0.009,0.006,655.0,750.0,1.01
mu[936],0.795,0.078,0.64,0.942,0.003,0.002,757.0,732.0,1.01
mu[937],0.873,0.119,0.661,1.119,0.004,0.003,773.0,835.0,1.01
mu[938],1.188,0.18,0.842,1.523,0.007,0.005,659.0,799.0,1.01
mu[939],0.912,0.123,0.708,1.191,0.004,0.004,759.0,774.0,1.0
mu[940],0.888,0.112,0.686,1.116,0.004,0.003,700.0,774.0,1.0
mu[941],0.98,0.145,0.717,1.277,0.005,0.004,859.0,642.0,1.0
mu[942],0.933,0.09,0.766,1.108,0.003,0.002,836.0,565.0,1.0
mu[943],2.486,0.36,1.852,3.256,0.013,0.01,826.0,775.0,1.0
mu[944],0.948,0.137,0.705,1.22,0.005,0.004,705.0,804.0,1.0
mu[945],0.912,0.123,0.708,1.191,0.004,0.004,759.0,774.0,1.0
mu[946],0.917,0.097,0.734,1.111,0.003,0.003,782.0,701.0,1.01
mu[947],0.827,0.094,0.623,0.995,0.004,0.003,640.0,593.0,1.01
mu[948],0.116,0.026,0.068,0.164,0.001,0.001,876.0,810.0,1.0
mu[949],0.795,0.078,0.64,0.942,0.003,0.002,757.0,732.0,1.01
mu[950],1.307,0.173,0.977,1.624,0.006,0.004,883.0,762.0,1.0
mu[951],0.795,0.078,0.64,0.942,0.003,0.002,757.0,732.0,1.01
mu[952],2.02,0.219,1.647,2.498,0.009,0.006,655.0,750.0,1.01
mu[953],1.003,0.114,0.801,1.238,0.004,0.003,977.0,770.0,1.0
mu[954],0.795,0.078,0.64,0.942,0.003,0.002,757.0,732.0,1.01
mu[955],0.933,0.09,0.766,1.108,0.003,0.002,836.0,565.0,1.0
mu[956],1.307,0.173,0.977,1.624,0.006,0.004,883.0,762.0,1.0
mu[957],0.11,0.023,0.068,0.154,0.001,0.001,818.0,811.0,1.01
mu[958],0.98,0.113,0.758,1.204,0.004,0.003,740.0,699.0,1.01
mu[959],0.962,0.11,0.757,1.182,0.004,0.003,772.0,788.0,1.01
mu[960],1.037,0.133,0.799,1.306,0.005,0.004,757.0,856.0,1.02
mu[961],1.188,0.18,0.842,1.523,0.007,0.005,659.0,799.0,1.01
mu[962],1.254,0.175,0.922,1.596,0.006,0.005,837.0,708.0,1.01
mu[963],0.11,0.023,0.068,0.154,0.001,0.001,818.0,811.0,1.01
mu[964],0.954,0.117,0.737,1.162,0.004,0.003,769.0,691.0,1.0
mu[965],0.127,0.027,0.077,0.183,0.001,0.001,844.0,732.0,1.0
mu[966],1.025,0.138,0.77,1.279,0.005,0.003,746.0,819.0,1.0
mu[967],1.216,0.147,0.957,1.54,0.005,0.004,787.0,754.0,1.0
mu[968],0.948,0.137,0.705,1.22,0.005,0.004,705.0,804.0,1.0
mu[969],2.33,0.265,1.86,2.852,0.009,0.006,814.0,678.0,1.0
mu[970],0.795,0.078,0.64,0.942,0.003,0.002,757.0,732.0,1.01
mu[971],1.216,0.147,0.957,1.54,0.005,0.004,787.0,754.0,1.0
mu[972],0.11,0.023,0.068,0.154,0.001,0.001,818.0,811.0,1.01
mu[973],0.933,0.09,0.766,1.108,0.003,0.002,836.0,565.0,1.0
mu[974],0.888,0.112,0.686,1.116,0.004,0.003,700.0,774.0,1.0
mu[975],0.11,0.023,0.068,0.154,0.001,0.001,818.0,811.0,1.01
mu[976],1.003,0.114,0.801,1.238,0.004,0.003,977.0,770.0,1.0
mu[977],0.985,0.119,0.789,1.243,0.004,0.003,794.0,815.0,1.0
mu[978],2.123,0.275,1.632,2.663,0.01,0.007,853.0,784.0,1.0
mu[979],0.933,0.09,0.766,1.108,0.003,0.002,836.0,565.0,1.0
mu[980],0.912,0.123,0.708,1.191,0.004,0.004,759.0,774.0,1.0
mu[981],2.444,0.302,1.863,3.03,0.011,0.007,793.0,761.0,1.0
mu[982],2.169,0.253,1.707,2.696,0.01,0.007,691.0,648.0,1.0
mu[983],2.02,0.219,1.647,2.498,0.009,0.006,655.0,750.0,1.01
mu[984],0.13,0.027,0.082,0.184,0.001,0.001,948.0,770.0,1.0
mu[985],0.933,0.09,0.766,1.108,0.003,0.002,836.0,565.0,1.0
mu[986],2.33,0.265,1.86,2.852,0.009,0.006,814.0,678.0,1.0
mu[987],0.139,0.029,0.087,0.2,0.001,0.001,1023.0,715.0,1.0
mu[988],1.003,0.114,0.801,1.238,0.004,0.003,977.0,770.0,1.0
mu[989],0.134,0.029,0.084,0.193,0.001,0.001,845.0,750.0,1.0
mu[990],0.827,0.094,0.623,0.995,0.004,0.003,640.0,593.0,1.01
mu[991],0.127,0.027,0.077,0.183,0.001,0.001,844.0,732.0,1.0
mu[992],0.795,0.078,0.64,0.942,0.003,0.002,757.0,732.0,1.01
mu[993],0.908,0.142,0.661,1.203,0.005,0.004,677.0,814.0,1.0
mu[994],0.995,0.159,0.688,1.311,0.006,0.004,735.0,737.0,1.0
mu[995],0.854,0.098,0.661,1.043,0.004,0.003,749.0,688.0,1.0
mu[996],0.888,0.112,0.686,1.116,0.004,0.003,700.0,774.0,1.0
mu[997],2.315,0.318,1.725,2.964,0.011,0.009,830.0,741.0,1.0
mu[998],1.188,0.18,0.842,1.523,0.007,0.005,659.0,799.0,1.01
mu[999],1.0,0.131,0.762,1.27,0.005,0.003,735.0,682.0,1.0
sigma_group,0.737,0.549,0.012,1.825,0.02,0.019,721.0,650.0,1.0
